⎆	[	→		compare
▶	[	→		compare
compare	] |	←		advance_sorted_boundary
compare	,	→		check_next_separator
check_next_separator	0 1 2 3 4 5 6 7 8 9 A B C D E F	→		check_next_separator
check_next_separator	] |	←		advance_sorted_boundary
check_next_separator	,	←		begin_next_comparison
begin_next_comparison	0 1 2 3 4 5 6 7 8 9 A B C D E F [ ] , |	←		id0_move_backward_15
id0_move_backward_15	0 1 2 3 4 5 6 7 8 9 A B C D E F [ ] , |	←		id0_move_backward_14
id0_move_backward_14	0 1 2 3 4 5 6 7 8 9 A B C D E F [ ] , |	←		id0_move_backward_13
id0_move_backward_13	0 1 2 3 4 5 6 7 8 9 A B C D E F [ ] , |	←		id0_move_backward_12
id0_move_backward_12	0 1 2 3 4 5 6 7 8 9 A B C D E F [ ] , |	←		id0_move_backward_11
id0_move_backward_11	0 1 2 3 4 5 6 7 8 9 A B C D E F [ ] , |	←		id0_move_backward_10
id0_move_backward_10	0 1 2 3 4 5 6 7 8 9 A B C D E F [ ] , |	←		id0_move_backward_9
id0_move_backward_9	0 1 2 3 4 5 6 7 8 9 A B C D E F [ ] , |	←		id0_move_backward_8
id0_move_backward_8	0 1 2 3 4 5 6 7 8 9 A B C D E F [ ] , |	←		id0_move_backward_7
id0_move_backward_7	0 1 2 3 4 5 6 7 8 9 A B C D E F [ ] , |	←		id0_move_backward_6
id0_move_backward_6	0 1 2 3 4 5 6 7 8 9 A B C D E F [ ] , |	←		id0_move_backward_5
id0_move_backward_5	0 1 2 3 4 5 6 7 8 9 A B C D E F [ ] , |	←		id0_move_backward_4
id0_move_backward_4	0 1 2 3 4 5 6 7 8 9 A B C D E F [ ] , |	←		id0_move_backward_3
id0_move_backward_3	0 1 2 3 4 5 6 7 8 9 A B C D E F [ ] , |	←		id0_move_backward_2
id0_move_backward_2	0 1 2 3 4 5 6 7 8 9 A B C D E F [ ] , |	←		id0_move_backward_1
id0_move_backward_1	0 1 2 3 4 5 6 7 8 9 A B C D E F [ ] , |	←		compare
compare	0	→		id1_move_forward_17_remember_0
id1_move_forward_17_remember_0	0 1 2 3 4 5 6 7 8 9 A B C D E F ,	→		id1_move_forward_16_remember_0
id1_move_forward_17_remember_0	] |	←		advance_sorted_boundary
id1_move_forward_16_remember_0	0 1 2 3 4 5 6 7 8 9 A B C D E F ,	→		id1_move_forward_15_remember_0
id1_move_forward_16_remember_0	] |	←		advance_sorted_boundary
id1_move_forward_15_remember_0	0 1 2 3 4 5 6 7 8 9 A B C D E F ,	→		id1_move_forward_14_remember_0
id1_move_forward_15_remember_0	] |	←		advance_sorted_boundary
id1_move_forward_14_remember_0	0 1 2 3 4 5 6 7 8 9 A B C D E F ,	→		id1_move_forward_13_remember_0
id1_move_forward_14_remember_0	] |	←		advance_sorted_boundary
id1_move_forward_13_remember_0	0 1 2 3 4 5 6 7 8 9 A B C D E F ,	→		id1_move_forward_12_remember_0
id1_move_forward_13_remember_0	] |	←		advance_sorted_boundary
id1_move_forward_12_remember_0	0 1 2 3 4 5 6 7 8 9 A B C D E F ,	→		id1_move_forward_11_remember_0
id1_move_forward_12_remember_0	] |	←		advance_sorted_boundary
id1_move_forward_11_remember_0	0 1 2 3 4 5 6 7 8 9 A B C D E F ,	→		id1_move_forward_10_remember_0
id1_move_forward_11_remember_0	] |	←		advance_sorted_boundary
id1_move_forward_10_remember_0	0 1 2 3 4 5 6 7 8 9 A B C D E F ,	→		id1_move_forward_9_remember_0
id1_move_forward_10_remember_0	] |	←		advance_sorted_boundary
id1_move_forward_9_remember_0	0 1 2 3 4 5 6 7 8 9 A B C D E F ,	→		id1_move_forward_8_remember_0
id1_move_forward_9_remember_0	] |	←		advance_sorted_boundary
id1_move_forward_8_remember_0	0 1 2 3 4 5 6 7 8 9 A B C D E F ,	→		id1_move_forward_7_remember_0
id1_move_forward_8_remember_0	] |	←		advance_sorted_boundary
id1_move_forward_7_remember_0	0 1 2 3 4 5 6 7 8 9 A B C D E F ,	→		id1_move_forward_6_remember_0
id1_move_forward_7_remember_0	] |	←		advance_sorted_boundary
id1_move_forward_6_remember_0	0 1 2 3 4 5 6 7 8 9 A B C D E F ,	→		id1_move_forward_5_remember_0
id1_move_forward_6_remember_0	] |	←		advance_sorted_boundary
id1_move_forward_5_remember_0	0 1 2 3 4 5 6 7 8 9 A B C D E F ,	→		id1_move_forward_4_remember_0
id1_move_forward_5_remember_0	] |	←		advance_sorted_boundary
id1_move_forward_4_remember_0	0 1 2 3 4 5 6 7 8 9 A B C D E F ,	→		id1_move_forward_3_remember_0
id1_move_forward_4_remember_0	] |	←		advance_sorted_boundary
id1_move_forward_3_remember_0	0 1 2 3 4 5 6 7 8 9 A B C D E F ,	→		id1_move_forward_2_remember_0
id1_move_forward_3_remember_0	] |	←		advance_sorted_boundary
id1_move_forward_2_remember_0	0 1 2 3 4 5 6 7 8 9 A B C D E F ,	→		id1_move_forward_1_remember_0
id1_move_forward_2_remember_0	] |	←		advance_sorted_boundary
id1_move_forward_1_remember_0	0	←		id1_compare_next_char_pair
id1_compare_next_char_pair	0 1 2 3 4 5 6 7 8 9 A B C D E F [ ] , |	←		id2_move_backward_14
id2_move_backward_14	0 1 2 3 4 5 6 7 8 9 A B C D E F [ ] , |	←		id2_move_backward_13
id2_move_backward_13	0 1 2 3 4 5 6 7 8 9 A B C D E F [ ] , |	←		id2_move_backward_12
id2_move_backward_12	0 1 2 3 4 5 6 7 8 9 A B C D E F [ ] , |	←		id2_move_backward_11
id2_move_backward_11	0 1 2 3 4 5 6 7 8 9 A B C D E F [ ] , |	←		id2_move_backward_10
id2_move_backward_10	0 1 2 3 4 5 6 7 8 9 A B C D E F [ ] , |	←		id2_move_backward_9
id2_move_backward_9	0 1 2 3 4 5 6 7 8 9 A B C D E F [ ] , |	←		id2_move_backward_8
id2_move_backward_8	0 1 2 3 4 5 6 7 8 9 A B C D E F [ ] , |	←		id2_move_backward_7
id2_move_backward_7	0 1 2 3 4 5 6 7 8 9 A B C D E F [ ] , |	←		id2_move_backward_6
id2_move_backward_6	0 1 2 3 4 5 6 7 8 9 A B C D E F [ ] , |	←		id2_move_backward_5
id2_move_backward_5	0 1 2 3 4 5 6 7 8 9 A B C D E F [ ] , |	←		id2_move_backward_4
id2_move_backward_4	0 1 2 3 4 5 6 7 8 9 A B C D E F [ ] , |	←		id2_move_backward_3
id2_move_backward_3	0 1 2 3 4 5 6 7 8 9 A B C D E F [ ] , |	←		id2_move_backward_2
id2_move_backward_2	0 1 2 3 4 5 6 7 8 9 A B C D E F [ ] , |	←		id2_move_backward_1
id2_move_backward_1	0 1 2 3 4 5 6 7 8 9 A B C D E F [ ] , |	←		compare
id1_move_forward_1_remember_0	1 2 3 4 5 6 7 8 9 A B C D E F	→		id1_no_swap_required
id1_no_swap_required	0 1 2 3 4 5 6 7 8 9 A B C D E F [ ] , |	←		find_,_for_next_comparison
compare	1	→		id3_move_forward_17_remember_1
id3_move_forward_17_remember_1	0 1 2 3 4 5 6 7 8 9 A B C D E F ,	→		id3_move_forward_16_remember_1
id3_move_forward_17_remember_1	] |	←		advance_sorted_boundary
id3_move_forward_16_remember_1	0 1 2 3 4 5 6 7 8 9 A B C D E F ,	→		id3_move_forward_15_remember_1
id3_move_forward_16_remember_1	] |	←		advance_sorted_boundary
id3_move_forward_15_remember_1	0 1 2 3 4 5 6 7 8 9 A B C D E F ,	→		id3_move_forward_14_remember_1
id3_move_forward_15_remember_1	] |	←		advance_sorted_boundary
id3_move_forward_14_remember_1	0 1 2 3 4 5 6 7 8 9 A B C D E F ,	→		id3_move_forward_13_remember_1
id3_move_forward_14_remember_1	] |	←		advance_sorted_boundary
id3_move_forward_13_remember_1	0 1 2 3 4 5 6 7 8 9 A B C D E F ,	→		id3_move_forward_12_remember_1
id3_move_forward_13_remember_1	] |	←		advance_sorted_boundary
id3_move_forward_12_remember_1	0 1 2 3 4 5 6 7 8 9 A B C D E F ,	→		id3_move_forward_11_remember_1
id3_move_forward_12_remember_1	] |	←		advance_sorted_boundary
id3_move_forward_11_remember_1	0 1 2 3 4 5 6 7 8 9 A B C D E F ,	→		id3_move_forward_10_remember_1
id3_move_forward_11_remember_1	] |	←		advance_sorted_boundary
id3_move_forward_10_remember_1	0 1 2 3 4 5 6 7 8 9 A B C D E F ,	→		id3_move_forward_9_remember_1
id3_move_forward_10_remember_1	] |	←		advance_sorted_boundary
id3_move_forward_9_remember_1	0 1 2 3 4 5 6 7 8 9 A B C D E F ,	→		id3_move_forward_8_remember_1
id3_move_forward_9_remember_1	] |	←		advance_sorted_boundary
id3_move_forward_8_remember_1	0 1 2 3 4 5 6 7 8 9 A B C D E F ,	→		id3_move_forward_7_remember_1
id3_move_forward_8_remember_1	] |	←		advance_sorted_boundary
id3_move_forward_7_remember_1	0 1 2 3 4 5 6 7 8 9 A B C D E F ,	→		id3_move_forward_6_remember_1
id3_move_forward_7_remember_1	] |	←		advance_sorted_boundary
id3_move_forward_6_remember_1	0 1 2 3 4 5 6 7 8 9 A B C D E F ,	→		id3_move_forward_5_remember_1
id3_move_forward_6_remember_1	] |	←		advance_sorted_boundary
id3_move_forward_5_remember_1	0 1 2 3 4 5 6 7 8 9 A B C D E F ,	→		id3_move_forward_4_remember_1
id3_move_forward_5_remember_1	] |	←		advance_sorted_boundary
id3_move_forward_4_remember_1	0 1 2 3 4 5 6 7 8 9 A B C D E F ,	→		id3_move_forward_3_remember_1
id3_move_forward_4_remember_1	] |	←		advance_sorted_boundary
id3_move_forward_3_remember_1	0 1 2 3 4 5 6 7 8 9 A B C D E F ,	→		id3_move_forward_2_remember_1
id3_move_forward_3_remember_1	] |	←		advance_sorted_boundary
id3_move_forward_2_remember_1	0 1 2 3 4 5 6 7 8 9 A B C D E F ,	→		id3_move_forward_1_remember_1
id3_move_forward_2_remember_1	] |	←		advance_sorted_boundary
id3_move_forward_1_remember_1	0	←		id3_swap_required
id3_swap_required	0 1 2 3 4 5 6 7 8 9 A B C D E F [ ] , |	←		id4_move_backward_15
id4_move_backward_15	0 1 2 3 4 5 6 7 8 9 A B C D E F [ ] , |	←		id4_move_backward_14
id4_move_backward_14	0 1 2 3 4 5 6 7 8 9 A B C D E F [ ] , |	←		id4_move_backward_13
id4_move_backward_13	0 1 2 3 4 5 6 7 8 9 A B C D E F [ ] , |	←		id4_move_backward_12
id4_move_backward_12	0 1 2 3 4 5 6 7 8 9 A B C D E F [ ] , |	←		id4_move_backward_11
id4_move_backward_11	0 1 2 3 4 5 6 7 8 9 A B C D E F [ ] , |	←		id4_move_backward_10
id4_move_backward_10	0 1 2 3 4 5 6 7 8 9 A B C D E F [ ] , |	←		id4_move_backward_9
id4_move_backward_9	0 1 2 3 4 5 6 7 8 9 A B C D E F [ ] , |	←		id4_move_backward_8
id4_move_backward_8	0 1 2 3 4 5 6 7 8 9 A B C D E F [ ] , |	←		id4_move_backward_7
id4_move_backward_7	0 1 2 3 4 5 6 7 8 9 A B C D E F [ ] , |	←		id4_move_backward_6
id4_move_backward_6	0 1 2 3 4 5 6 7 8 9 A B C D E F [ ] , |	←		id4_move_backward_5
id4_move_backward_5	0 1 2 3 4 5 6 7 8 9 A B C D E F [ ] , |	←		id4_move_backward_4
id4_move_backward_4	0 1 2 3 4 5 6 7 8 9 A B C D E F [ ] , |	←		id4_move_backward_3
id4_move_backward_3	0 1 2 3 4 5 6 7 8 9 A B C D E F [ ] , |	←		id4_move_backward_2
id4_move_backward_2	0 1 2 3 4 5 6 7 8 9 A B C D E F [ ] , |	←		id4_move_backward_1
id4_move_backward_1	0 1 2 3 4 5 6 7 8 9 A B C D E F [ ] , |	←		swap
id3_move_forward_1_remember_1	1	←		id3_compare_next_char_pair
id3_compare_next_char_pair	0 1 2 3 4 5 6 7 8 9 A B C D E F [ ] , |	←		id5_move_backward_14
id5_move_backward_14	0 1 2 3 4 5 6 7 8 9 A B C D E F [ ] , |	←		id5_move_backward_13
id5_move_backward_13	0 1 2 3 4 5 6 7 8 9 A B C D E F [ ] , |	←		id5_move_backward_12
id5_move_backward_12	0 1 2 3 4 5 6 7 8 9 A B C D E F [ ] , |	←		id5_move_backward_11
id5_move_backward_11	0 1 2 3 4 5 6 7 8 9 A B C D E F [ ] , |	←		id5_move_backward_10
id5_move_backward_10	0 1 2 3 4 5 6 7 8 9 A B C D E F [ ] , |	←		id5_move_backward_9
id5_move_backward_9	0 1 2 3 4 5 6 7 8 9 A B C D E F [ ] , |	←		id5_move_backward_8
id5_move_backward_8	0 1 2 3 4 5 6 7 8 9 A B C D E F [ ] , |	←		id5_move_backward_7
id5_move_backward_7	0 1 2 3 4 5 6 7 8 9 A B C D E F [ ] , |	←		id5_move_backward_6
id5_move_backward_6	0 1 2 3 4 5 6 7 8 9 A B C D E F [ ] , |	←		id5_move_backward_5
id5_move_backward_5	0 1 2 3 4 5 6 7 8 9 A B C D E F [ ] , |	←		id5_move_backward_4
id5_move_backward_4	0 1 2 3 4 5 6 7 8 9 A B C D E F [ ] , |	←		id5_move_backward_3
id5_move_backward_3	0 1 2 3 4 5 6 7 8 9 A B C D E F [ ] , |	←		id5_move_backward_2
id5_move_backward_2	0 1 2 3 4 5 6 7 8 9 A B C D E F [ ] , |	←		id5_move_backward_1
id5_move_backward_1	0 1 2 3 4 5 6 7 8 9 A B C D E F [ ] , |	←		compare
id3_move_forward_1_remember_1	2 3 4 5 6 7 8 9 A B C D E F	→		id3_no_swap_required
id3_no_swap_required	0 1 2 3 4 5 6 7 8 9 A B C D E F [ ] , |	←		find_,_for_next_comparison
compare	2	→		id6_move_forward_17_remember_2
id6_move_forward_17_remember_2	0 1 2 3 4 5 6 7 8 9 A B C D E F ,	→		id6_move_forward_16_remember_2
id6_move_forward_17_remember_2	] |	←		advance_sorted_boundary
id6_move_forward_16_remember_2	0 1 2 3 4 5 6 7 8 9 A B C D E F ,	→		id6_move_forward_15_remember_2
id6_move_forward_16_remember_2	] |	←		advance_sorted_boundary
id6_move_forward_15_remember_2	0 1 2 3 4 5 6 7 8 9 A B C D E F ,	→		id6_move_forward_14_remember_2
id6_move_forward_15_remember_2	] |	←		advance_sorted_boundary
id6_move_forward_14_remember_2	0 1 2 3 4 5 6 7 8 9 A B C D E F ,	→		id6_move_forward_13_remember_2
id6_move_forward_14_remember_2	] |	←		advance_sorted_boundary
id6_move_forward_13_remember_2	0 1 2 3 4 5 6 7 8 9 A B C D E F ,	→		id6_move_forward_12_remember_2
id6_move_forward_13_remember_2	] |	←		advance_sorted_boundary
id6_move_forward_12_remember_2	0 1 2 3 4 5 6 7 8 9 A B C D E F ,	→		id6_move_forward_11_remember_2
id6_move_forward_12_remember_2	] |	←		advance_sorted_boundary
id6_move_forward_11_remember_2	0 1 2 3 4 5 6 7 8 9 A B C D E F ,	→		id6_move_forward_10_remember_2
id6_move_forward_11_remember_2	] |	←		advance_sorted_boundary
id6_move_forward_10_remember_2	0 1 2 3 4 5 6 7 8 9 A B C D E F ,	→		id6_move_forward_9_remember_2
id6_move_forward_10_remember_2	] |	←		advance_sorted_boundary
id6_move_forward_9_remember_2	0 1 2 3 4 5 6 7 8 9 A B C D E F ,	→		id6_move_forward_8_remember_2
id6_move_forward_9_remember_2	] |	←		advance_sorted_boundary
id6_move_forward_8_remember_2	0 1 2 3 4 5 6 7 8 9 A B C D E F ,	→		id6_move_forward_7_remember_2
id6_move_forward_8_remember_2	] |	←		advance_sorted_boundary
id6_move_forward_7_remember_2	0 1 2 3 4 5 6 7 8 9 A B C D E F ,	→		id6_move_forward_6_remember_2
id6_move_forward_7_remember_2	] |	←		advance_sorted_boundary
id6_move_forward_6_remember_2	0 1 2 3 4 5 6 7 8 9 A B C D E F ,	→		id6_move_forward_5_remember_2
id6_move_forward_6_remember_2	] |	←		advance_sorted_boundary
id6_move_forward_5_remember_2	0 1 2 3 4 5 6 7 8 9 A B C D E F ,	→		id6_move_forward_4_remember_2
id6_move_forward_5_remember_2	] |	←		advance_sorted_boundary
id6_move_forward_4_remember_2	0 1 2 3 4 5 6 7 8 9 A B C D E F ,	→		id6_move_forward_3_remember_2
id6_move_forward_4_remember_2	] |	←		advance_sorted_boundary
id6_move_forward_3_remember_2	0 1 2 3 4 5 6 7 8 9 A B C D E F ,	→		id6_move_forward_2_remember_2
id6_move_forward_3_remember_2	] |	←		advance_sorted_boundary
id6_move_forward_2_remember_2	0 1 2 3 4 5 6 7 8 9 A B C D E F ,	→		id6_move_forward_1_remember_2
id6_move_forward_2_remember_2	] |	←		advance_sorted_boundary
id6_move_forward_1_remember_2	0 1	←		id6_swap_required
id6_swap_required	0 1 2 3 4 5 6 7 8 9 A B C D E F [ ] , |	←		id7_move_backward_15
id7_move_backward_15	0 1 2 3 4 5 6 7 8 9 A B C D E F [ ] , |	←		id7_move_backward_14
id7_move_backward_14	0 1 2 3 4 5 6 7 8 9 A B C D E F [ ] , |	←		id7_move_backward_13
id7_move_backward_13	0 1 2 3 4 5 6 7 8 9 A B C D E F [ ] , |	←		id7_move_backward_12
id7_move_backward_12	0 1 2 3 4 5 6 7 8 9 A B C D E F [ ] , |	←		id7_move_backward_11
id7_move_backward_11	0 1 2 3 4 5 6 7 8 9 A B C D E F [ ] , |	←		id7_move_backward_10
id7_move_backward_10	0 1 2 3 4 5 6 7 8 9 A B C D E F [ ] , |	←		id7_move_backward_9
id7_move_backward_9	0 1 2 3 4 5 6 7 8 9 A B C D E F [ ] , |	←		id7_move_backward_8
id7_move_backward_8	0 1 2 3 4 5 6 7 8 9 A B C D E F [ ] , |	←		id7_move_backward_7
id7_move_backward_7	0 1 2 3 4 5 6 7 8 9 A B C D E F [ ] , |	←		id7_move_backward_6
id7_move_backward_6	0 1 2 3 4 5 6 7 8 9 A B C D E F [ ] , |	←		id7_move_backward_5
id7_move_backward_5	0 1 2 3 4 5 6 7 8 9 A B C D E F [ ] , |	←		id7_move_backward_4
id7_move_backward_4	0 1 2 3 4 5 6 7 8 9 A B C D E F [ ] , |	←		id7_move_backward_3
id7_move_backward_3	0 1 2 3 4 5 6 7 8 9 A B C D E F [ ] , |	←		id7_move_backward_2
id7_move_backward_2	0 1 2 3 4 5 6 7 8 9 A B C D E F [ ] , |	←		id7_move_backward_1
id7_move_backward_1	0 1 2 3 4 5 6 7 8 9 A B C D E F [ ] , |	←		swap
id6_move_forward_1_remember_2	2	←		id6_compare_next_char_pair
id6_compare_next_char_pair	0 1 2 3 4 5 6 7 8 9 A B C D E F [ ] , |	←		id8_move_backward_14
id8_move_backward_14	0 1 2 3 4 5 6 7 8 9 A B C D E F [ ] , |	←		id8_move_backward_13
id8_move_backward_13	0 1 2 3 4 5 6 7 8 9 A B C D E F [ ] , |	←		id8_move_backward_12
id8_move_backward_12	0 1 2 3 4 5 6 7 8 9 A B C D E F [ ] , |	←		id8_move_backward_11
id8_move_backward_11	0 1 2 3 4 5 6 7 8 9 A B C D E F [ ] , |	←		id8_move_backward_10
id8_move_backward_10	0 1 2 3 4 5 6 7 8 9 A B C D E F [ ] , |	←		id8_move_backward_9
id8_move_backward_9	0 1 2 3 4 5 6 7 8 9 A B C D E F [ ] , |	←		id8_move_backward_8
id8_move_backward_8	0 1 2 3 4 5 6 7 8 9 A B C D E F [ ] , |	←		id8_move_backward_7
id8_move_backward_7	0 1 2 3 4 5 6 7 8 9 A B C D E F [ ] , |	←		id8_move_backward_6
id8_move_backward_6	0 1 2 3 4 5 6 7 8 9 A B C D E F [ ] , |	←		id8_move_backward_5
id8_move_backward_5	0 1 2 3 4 5 6 7 8 9 A B C D E F [ ] , |	←		id8_move_backward_4
id8_move_backward_4	0 1 2 3 4 5 6 7 8 9 A B C D E F [ ] , |	←		id8_move_backward_3
id8_move_backward_3	0 1 2 3 4 5 6 7 8 9 A B C D E F [ ] , |	←		id8_move_backward_2
id8_move_backward_2	0 1 2 3 4 5 6 7 8 9 A B C D E F [ ] , |	←		id8_move_backward_1
id8_move_backward_1	0 1 2 3 4 5 6 7 8 9 A B C D E F [ ] , |	←		compare
id6_move_forward_1_remember_2	3 4 5 6 7 8 9 A B C D E F	→		id6_no_swap_required
id6_no_swap_required	0 1 2 3 4 5 6 7 8 9 A B C D E F [ ] , |	←		find_,_for_next_comparison
compare	3	→		id9_move_forward_17_remember_3
id9_move_forward_17_remember_3	0 1 2 3 4 5 6 7 8 9 A B C D E F ,	→		id9_move_forward_16_remember_3
id9_move_forward_17_remember_3	] |	←		advance_sorted_boundary
id9_move_forward_16_remember_3	0 1 2 3 4 5 6 7 8 9 A B C D E F ,	→		id9_move_forward_15_remember_3
id9_move_forward_16_remember_3	] |	←		advance_sorted_boundary
id9_move_forward_15_remember_3	0 1 2 3 4 5 6 7 8 9 A B C D E F ,	→		id9_move_forward_14_remember_3
id9_move_forward_15_remember_3	] |	←		advance_sorted_boundary
id9_move_forward_14_remember_3	0 1 2 3 4 5 6 7 8 9 A B C D E F ,	→		id9_move_forward_13_remember_3
id9_move_forward_14_remember_3	] |	←		advance_sorted_boundary
id9_move_forward_13_remember_3	0 1 2 3 4 5 6 7 8 9 A B C D E F ,	→		id9_move_forward_12_remember_3
id9_move_forward_13_remember_3	] |	←		advance_sorted_boundary
id9_move_forward_12_remember_3	0 1 2 3 4 5 6 7 8 9 A B C D E F ,	→		id9_move_forward_11_remember_3
id9_move_forward_12_remember_3	] |	←		advance_sorted_boundary
id9_move_forward_11_remember_3	0 1 2 3 4 5 6 7 8 9 A B C D E F ,	→		id9_move_forward_10_remember_3
id9_move_forward_11_remember_3	] |	←		advance_sorted_boundary
id9_move_forward_10_remember_3	0 1 2 3 4 5 6 7 8 9 A B C D E F ,	→		id9_move_forward_9_remember_3
id9_move_forward_10_remember_3	] |	←		advance_sorted_boundary
id9_move_forward_9_remember_3	0 1 2 3 4 5 6 7 8 9 A B C D E F ,	→		id9_move_forward_8_remember_3
id9_move_forward_9_remember_3	] |	←		advance_sorted_boundary
id9_move_forward_8_remember_3	0 1 2 3 4 5 6 7 8 9 A B C D E F ,	→		id9_move_forward_7_remember_3
id9_move_forward_8_remember_3	] |	←		advance_sorted_boundary
id9_move_forward_7_remember_3	0 1 2 3 4 5 6 7 8 9 A B C D E F ,	→		id9_move_forward_6_remember_3
id9_move_forward_7_remember_3	] |	←		advance_sorted_boundary
id9_move_forward_6_remember_3	0 1 2 3 4 5 6 7 8 9 A B C D E F ,	→		id9_move_forward_5_remember_3
id9_move_forward_6_remember_3	] |	←		advance_sorted_boundary
id9_move_forward_5_remember_3	0 1 2 3 4 5 6 7 8 9 A B C D E F ,	→		id9_move_forward_4_remember_3
id9_move_forward_5_remember_3	] |	←		advance_sorted_boundary
id9_move_forward_4_remember_3	0 1 2 3 4 5 6 7 8 9 A B C D E F ,	→		id9_move_forward_3_remember_3
id9_move_forward_4_remember_3	] |	←		advance_sorted_boundary
id9_move_forward_3_remember_3	0 1 2 3 4 5 6 7 8 9 A B C D E F ,	→		id9_move_forward_2_remember_3
id9_move_forward_3_remember_3	] |	←		advance_sorted_boundary
id9_move_forward_2_remember_3	0 1 2 3 4 5 6 7 8 9 A B C D E F ,	→		id9_move_forward_1_remember_3
id9_move_forward_2_remember_3	] |	←		advance_sorted_boundary
id9_move_forward_1_remember_3	0 1 2	←		id9_swap_required
id9_swap_required	0 1 2 3 4 5 6 7 8 9 A B C D E F [ ] , |	←		id10_move_backward_15
id10_move_backward_15	0 1 2 3 4 5 6 7 8 9 A B C D E F [ ] , |	←		id10_move_backward_14
id10_move_backward_14	0 1 2 3 4 5 6 7 8 9 A B C D E F [ ] , |	←		id10_move_backward_13
id10_move_backward_13	0 1 2 3 4 5 6 7 8 9 A B C D E F [ ] , |	←		id10_move_backward_12
id10_move_backward_12	0 1 2 3 4 5 6 7 8 9 A B C D E F [ ] , |	←		id10_move_backward_11
id10_move_backward_11	0 1 2 3 4 5 6 7 8 9 A B C D E F [ ] , |	←		id10_move_backward_10
id10_move_backward_10	0 1 2 3 4 5 6 7 8 9 A B C D E F [ ] , |	←		id10_move_backward_9
id10_move_backward_9	0 1 2 3 4 5 6 7 8 9 A B C D E F [ ] , |	←		id10_move_backward_8
id10_move_backward_8	0 1 2 3 4 5 6 7 8 9 A B C D E F [ ] , |	←		id10_move_backward_7
id10_move_backward_7	0 1 2 3 4 5 6 7 8 9 A B C D E F [ ] , |	←		id10_move_backward_6
id10_move_backward_6	0 1 2 3 4 5 6 7 8 9 A B C D E F [ ] , |	←		id10_move_backward_5
id10_move_backward_5	0 1 2 3 4 5 6 7 8 9 A B C D E F [ ] , |	←		id10_move_backward_4
id10_move_backward_4	0 1 2 3 4 5 6 7 8 9 A B C D E F [ ] , |	←		id10_move_backward_3
id10_move_backward_3	0 1 2 3 4 5 6 7 8 9 A B C D E F [ ] , |	←		id10_move_backward_2
id10_move_backward_2	0 1 2 3 4 5 6 7 8 9 A B C D E F [ ] , |	←		id10_move_backward_1
id10_move_backward_1	0 1 2 3 4 5 6 7 8 9 A B C D E F [ ] , |	←		swap
id9_move_forward_1_remember_3	3	←		id9_compare_next_char_pair
id9_compare_next_char_pair	0 1 2 3 4 5 6 7 8 9 A B C D E F [ ] , |	←		id11_move_backward_14
id11_move_backward_14	0 1 2 3 4 5 6 7 8 9 A B C D E F [ ] , |	←		id11_move_backward_13
id11_move_backward_13	0 1 2 3 4 5 6 7 8 9 A B C D E F [ ] , |	←		id11_move_backward_12
id11_move_backward_12	0 1 2 3 4 5 6 7 8 9 A B C D E F [ ] , |	←		id11_move_backward_11
id11_move_backward_11	0 1 2 3 4 5 6 7 8 9 A B C D E F [ ] , |	←		id11_move_backward_10
id11_move_backward_10	0 1 2 3 4 5 6 7 8 9 A B C D E F [ ] , |	←		id11_move_backward_9
id11_move_backward_9	0 1 2 3 4 5 6 7 8 9 A B C D E F [ ] , |	←		id11_move_backward_8
id11_move_backward_8	0 1 2 3 4 5 6 7 8 9 A B C D E F [ ] , |	←		id11_move_backward_7
id11_move_backward_7	0 1 2 3 4 5 6 7 8 9 A B C D E F [ ] , |	←		id11_move_backward_6
id11_move_backward_6	0 1 2 3 4 5 6 7 8 9 A B C D E F [ ] , |	←		id11_move_backward_5
id11_move_backward_5	0 1 2 3 4 5 6 7 8 9 A B C D E F [ ] , |	←		id11_move_backward_4
id11_move_backward_4	0 1 2 3 4 5 6 7 8 9 A B C D E F [ ] , |	←		id11_move_backward_3
id11_move_backward_3	0 1 2 3 4 5 6 7 8 9 A B C D E F [ ] , |	←		id11_move_backward_2
id11_move_backward_2	0 1 2 3 4 5 6 7 8 9 A B C D E F [ ] , |	←		id11_move_backward_1
id11_move_backward_1	0 1 2 3 4 5 6 7 8 9 A B C D E F [ ] , |	←		compare
id9_move_forward_1_remember_3	4 5 6 7 8 9 A B C D E F	→		id9_no_swap_required
id9_no_swap_required	0 1 2 3 4 5 6 7 8 9 A B C D E F [ ] , |	←		find_,_for_next_comparison
compare	4	→		id12_move_forward_17_remember_4
id12_move_forward_17_remember_4	0 1 2 3 4 5 6 7 8 9 A B C D E F ,	→		id12_move_forward_16_remember_4
id12_move_forward_17_remember_4	] |	←		advance_sorted_boundary
id12_move_forward_16_remember_4	0 1 2 3 4 5 6 7 8 9 A B C D E F ,	→		id12_move_forward_15_remember_4
id12_move_forward_16_remember_4	] |	←		advance_sorted_boundary
id12_move_forward_15_remember_4	0 1 2 3 4 5 6 7 8 9 A B C D E F ,	→		id12_move_forward_14_remember_4
id12_move_forward_15_remember_4	] |	←		advance_sorted_boundary
id12_move_forward_14_remember_4	0 1 2 3 4 5 6 7 8 9 A B C D E F ,	→		id12_move_forward_13_remember_4
id12_move_forward_14_remember_4	] |	←		advance_sorted_boundary
id12_move_forward_13_remember_4	0 1 2 3 4 5 6 7 8 9 A B C D E F ,	→		id12_move_forward_12_remember_4
id12_move_forward_13_remember_4	] |	←		advance_sorted_boundary
id12_move_forward_12_remember_4	0 1 2 3 4 5 6 7 8 9 A B C D E F ,	→		id12_move_forward_11_remember_4
id12_move_forward_12_remember_4	] |	←		advance_sorted_boundary
id12_move_forward_11_remember_4	0 1 2 3 4 5 6 7 8 9 A B C D E F ,	→		id12_move_forward_10_remember_4
id12_move_forward_11_remember_4	] |	←		advance_sorted_boundary
id12_move_forward_10_remember_4	0 1 2 3 4 5 6 7 8 9 A B C D E F ,	→		id12_move_forward_9_remember_4
id12_move_forward_10_remember_4	] |	←		advance_sorted_boundary
id12_move_forward_9_remember_4	0 1 2 3 4 5 6 7 8 9 A B C D E F ,	→		id12_move_forward_8_remember_4
id12_move_forward_9_remember_4	] |	←		advance_sorted_boundary
id12_move_forward_8_remember_4	0 1 2 3 4 5 6 7 8 9 A B C D E F ,	→		id12_move_forward_7_remember_4
id12_move_forward_8_remember_4	] |	←		advance_sorted_boundary
id12_move_forward_7_remember_4	0 1 2 3 4 5 6 7 8 9 A B C D E F ,	→		id12_move_forward_6_remember_4
id12_move_forward_7_remember_4	] |	←		advance_sorted_boundary
id12_move_forward_6_remember_4	0 1 2 3 4 5 6 7 8 9 A B C D E F ,	→		id12_move_forward_5_remember_4
id12_move_forward_6_remember_4	] |	←		advance_sorted_boundary
id12_move_forward_5_remember_4	0 1 2 3 4 5 6 7 8 9 A B C D E F ,	→		id12_move_forward_4_remember_4
id12_move_forward_5_remember_4	] |	←		advance_sorted_boundary
id12_move_forward_4_remember_4	0 1 2 3 4 5 6 7 8 9 A B C D E F ,	→		id12_move_forward_3_remember_4
id12_move_forward_4_remember_4	] |	←		advance_sorted_boundary
id12_move_forward_3_remember_4	0 1 2 3 4 5 6 7 8 9 A B C D E F ,	→		id12_move_forward_2_remember_4
id12_move_forward_3_remember_4	] |	←		advance_sorted_boundary
id12_move_forward_2_remember_4	0 1 2 3 4 5 6 7 8 9 A B C D E F ,	→		id12_move_forward_1_remember_4
id12_move_forward_2_remember_4	] |	←		advance_sorted_boundary
id12_move_forward_1_remember_4	0 1 2 3	←		id12_swap_required
id12_swap_required	0 1 2 3 4 5 6 7 8 9 A B C D E F [ ] , |	←		id13_move_backward_15
id13_move_backward_15	0 1 2 3 4 5 6 7 8 9 A B C D E F [ ] , |	←		id13_move_backward_14
id13_move_backward_14	0 1 2 3 4 5 6 7 8 9 A B C D E F [ ] , |	←		id13_move_backward_13
id13_move_backward_13	0 1 2 3 4 5 6 7 8 9 A B C D E F [ ] , |	←		id13_move_backward_12
id13_move_backward_12	0 1 2 3 4 5 6 7 8 9 A B C D E F [ ] , |	←		id13_move_backward_11
id13_move_backward_11	0 1 2 3 4 5 6 7 8 9 A B C D E F [ ] , |	←		id13_move_backward_10
id13_move_backward_10	0 1 2 3 4 5 6 7 8 9 A B C D E F [ ] , |	←		id13_move_backward_9
id13_move_backward_9	0 1 2 3 4 5 6 7 8 9 A B C D E F [ ] , |	←		id13_move_backward_8
id13_move_backward_8	0 1 2 3 4 5 6 7 8 9 A B C D E F [ ] , |	←		id13_move_backward_7
id13_move_backward_7	0 1 2 3 4 5 6 7 8 9 A B C D E F [ ] , |	←		id13_move_backward_6
id13_move_backward_6	0 1 2 3 4 5 6 7 8 9 A B C D E F [ ] , |	←		id13_move_backward_5
id13_move_backward_5	0 1 2 3 4 5 6 7 8 9 A B C D E F [ ] , |	←		id13_move_backward_4
id13_move_backward_4	0 1 2 3 4 5 6 7 8 9 A B C D E F [ ] , |	←		id13_move_backward_3
id13_move_backward_3	0 1 2 3 4 5 6 7 8 9 A B C D E F [ ] , |	←		id13_move_backward_2
id13_move_backward_2	0 1 2 3 4 5 6 7 8 9 A B C D E F [ ] , |	←		id13_move_backward_1
id13_move_backward_1	0 1 2 3 4 5 6 7 8 9 A B C D E F [ ] , |	←		swap
id12_move_forward_1_remember_4	4	←		id12_compare_next_char_pair
id12_compare_next_char_pair	0 1 2 3 4 5 6 7 8 9 A B C D E F [ ] , |	←		id14_move_backward_14
id14_move_backward_14	0 1 2 3 4 5 6 7 8 9 A B C D E F [ ] , |	←		id14_move_backward_13
id14_move_backward_13	0 1 2 3 4 5 6 7 8 9 A B C D E F [ ] , |	←		id14_move_backward_12
id14_move_backward_12	0 1 2 3 4 5 6 7 8 9 A B C D E F [ ] , |	←		id14_move_backward_11
id14_move_backward_11	0 1 2 3 4 5 6 7 8 9 A B C D E F [ ] , |	←		id14_move_backward_10
id14_move_backward_10	0 1 2 3 4 5 6 7 8 9 A B C D E F [ ] , |	←		id14_move_backward_9
id14_move_backward_9	0 1 2 3 4 5 6 7 8 9 A B C D E F [ ] , |	←		id14_move_backward_8
id14_move_backward_8	0 1 2 3 4 5 6 7 8 9 A B C D E F [ ] , |	←		id14_move_backward_7
id14_move_backward_7	0 1 2 3 4 5 6 7 8 9 A B C D E F [ ] , |	←		id14_move_backward_6
id14_move_backward_6	0 1 2 3 4 5 6 7 8 9 A B C D E F [ ] , |	←		id14_move_backward_5
id14_move_backward_5	0 1 2 3 4 5 6 7 8 9 A B C D E F [ ] , |	←		id14_move_backward_4
id14_move_backward_4	0 1 2 3 4 5 6 7 8 9 A B C D E F [ ] , |	←		id14_move_backward_3
id14_move_backward_3	0 1 2 3 4 5 6 7 8 9 A B C D E F [ ] , |	←		id14_move_backward_2
id14_move_backward_2	0 1 2 3 4 5 6 7 8 9 A B C D E F [ ] , |	←		id14_move_backward_1
id14_move_backward_1	0 1 2 3 4 5 6 7 8 9 A B C D E F [ ] , |	←		compare
id12_move_forward_1_remember_4	5 6 7 8 9 A B C D E F	→		id12_no_swap_required
id12_no_swap_required	0 1 2 3 4 5 6 7 8 9 A B C D E F [ ] , |	←		find_,_for_next_comparison
compare	5	→		id15_move_forward_17_remember_5
id15_move_forward_17_remember_5	0 1 2 3 4 5 6 7 8 9 A B C D E F ,	→		id15_move_forward_16_remember_5
id15_move_forward_17_remember_5	] |	←		advance_sorted_boundary
id15_move_forward_16_remember_5	0 1 2 3 4 5 6 7 8 9 A B C D E F ,	→		id15_move_forward_15_remember_5
id15_move_forward_16_remember_5	] |	←		advance_sorted_boundary
id15_move_forward_15_remember_5	0 1 2 3 4 5 6 7 8 9 A B C D E F ,	→		id15_move_forward_14_remember_5
id15_move_forward_15_remember_5	] |	←		advance_sorted_boundary
id15_move_forward_14_remember_5	0 1 2 3 4 5 6 7 8 9 A B C D E F ,	→		id15_move_forward_13_remember_5
id15_move_forward_14_remember_5	] |	←		advance_sorted_boundary
id15_move_forward_13_remember_5	0 1 2 3 4 5 6 7 8 9 A B C D E F ,	→		id15_move_forward_12_remember_5
id15_move_forward_13_remember_5	] |	←		advance_sorted_boundary
id15_move_forward_12_remember_5	0 1 2 3 4 5 6 7 8 9 A B C D E F ,	→		id15_move_forward_11_remember_5
id15_move_forward_12_remember_5	] |	←		advance_sorted_boundary
id15_move_forward_11_remember_5	0 1 2 3 4 5 6 7 8 9 A B C D E F ,	→		id15_move_forward_10_remember_5
id15_move_forward_11_remember_5	] |	←		advance_sorted_boundary
id15_move_forward_10_remember_5	0 1 2 3 4 5 6 7 8 9 A B C D E F ,	→		id15_move_forward_9_remember_5
id15_move_forward_10_remember_5	] |	←		advance_sorted_boundary
id15_move_forward_9_remember_5	0 1 2 3 4 5 6 7 8 9 A B C D E F ,	→		id15_move_forward_8_remember_5
id15_move_forward_9_remember_5	] |	←		advance_sorted_boundary
id15_move_forward_8_remember_5	0 1 2 3 4 5 6 7 8 9 A B C D E F ,	→		id15_move_forward_7_remember_5
id15_move_forward_8_remember_5	] |	←		advance_sorted_boundary
id15_move_forward_7_remember_5	0 1 2 3 4 5 6 7 8 9 A B C D E F ,	→		id15_move_forward_6_remember_5
id15_move_forward_7_remember_5	] |	←		advance_sorted_boundary
id15_move_forward_6_remember_5	0 1 2 3 4 5 6 7 8 9 A B C D E F ,	→		id15_move_forward_5_remember_5
id15_move_forward_6_remember_5	] |	←		advance_sorted_boundary
id15_move_forward_5_remember_5	0 1 2 3 4 5 6 7 8 9 A B C D E F ,	→		id15_move_forward_4_remember_5
id15_move_forward_5_remember_5	] |	←		advance_sorted_boundary
id15_move_forward_4_remember_5	0 1 2 3 4 5 6 7 8 9 A B C D E F ,	→		id15_move_forward_3_remember_5
id15_move_forward_4_remember_5	] |	←		advance_sorted_boundary
id15_move_forward_3_remember_5	0 1 2 3 4 5 6 7 8 9 A B C D E F ,	→		id15_move_forward_2_remember_5
id15_move_forward_3_remember_5	] |	←		advance_sorted_boundary
id15_move_forward_2_remember_5	0 1 2 3 4 5 6 7 8 9 A B C D E F ,	→		id15_move_forward_1_remember_5
id15_move_forward_2_remember_5	] |	←		advance_sorted_boundary
id15_move_forward_1_remember_5	0 1 2 3 4	←		id15_swap_required
id15_swap_required	0 1 2 3 4 5 6 7 8 9 A B C D E F [ ] , |	←		id16_move_backward_15
id16_move_backward_15	0 1 2 3 4 5 6 7 8 9 A B C D E F [ ] , |	←		id16_move_backward_14
id16_move_backward_14	0 1 2 3 4 5 6 7 8 9 A B C D E F [ ] , |	←		id16_move_backward_13
id16_move_backward_13	0 1 2 3 4 5 6 7 8 9 A B C D E F [ ] , |	←		id16_move_backward_12
id16_move_backward_12	0 1 2 3 4 5 6 7 8 9 A B C D E F [ ] , |	←		id16_move_backward_11
id16_move_backward_11	0 1 2 3 4 5 6 7 8 9 A B C D E F [ ] , |	←		id16_move_backward_10
id16_move_backward_10	0 1 2 3 4 5 6 7 8 9 A B C D E F [ ] , |	←		id16_move_backward_9
id16_move_backward_9	0 1 2 3 4 5 6 7 8 9 A B C D E F [ ] , |	←		id16_move_backward_8
id16_move_backward_8	0 1 2 3 4 5 6 7 8 9 A B C D E F [ ] , |	←		id16_move_backward_7
id16_move_backward_7	0 1 2 3 4 5 6 7 8 9 A B C D E F [ ] , |	←		id16_move_backward_6
id16_move_backward_6	0 1 2 3 4 5 6 7 8 9 A B C D E F [ ] , |	←		id16_move_backward_5
id16_move_backward_5	0 1 2 3 4 5 6 7 8 9 A B C D E F [ ] , |	←		id16_move_backward_4
id16_move_backward_4	0 1 2 3 4 5 6 7 8 9 A B C D E F [ ] , |	←		id16_move_backward_3
id16_move_backward_3	0 1 2 3 4 5 6 7 8 9 A B C D E F [ ] , |	←		id16_move_backward_2
id16_move_backward_2	0 1 2 3 4 5 6 7 8 9 A B C D E F [ ] , |	←		id16_move_backward_1
id16_move_backward_1	0 1 2 3 4 5 6 7 8 9 A B C D E F [ ] , |	←		swap
id15_move_forward_1_remember_5	5	←		id15_compare_next_char_pair
id15_compare_next_char_pair	0 1 2 3 4 5 6 7 8 9 A B C D E F [ ] , |	←		id17_move_backward_14
id17_move_backward_14	0 1 2 3 4 5 6 7 8 9 A B C D E F [ ] , |	←		id17_move_backward_13
id17_move_backward_13	0 1 2 3 4 5 6 7 8 9 A B C D E F [ ] , |	←		id17_move_backward_12
id17_move_backward_12	0 1 2 3 4 5 6 7 8 9 A B C D E F [ ] , |	←		id17_move_backward_11
id17_move_backward_11	0 1 2 3 4 5 6 7 8 9 A B C D E F [ ] , |	←		id17_move_backward_10
id17_move_backward_10	0 1 2 3 4 5 6 7 8 9 A B C D E F [ ] , |	←		id17_move_backward_9
id17_move_backward_9	0 1 2 3 4 5 6 7 8 9 A B C D E F [ ] , |	←		id17_move_backward_8
id17_move_backward_8	0 1 2 3 4 5 6 7 8 9 A B C D E F [ ] , |	←		id17_move_backward_7
id17_move_backward_7	0 1 2 3 4 5 6 7 8 9 A B C D E F [ ] , |	←		id17_move_backward_6
id17_move_backward_6	0 1 2 3 4 5 6 7 8 9 A B C D E F [ ] , |	←		id17_move_backward_5
id17_move_backward_5	0 1 2 3 4 5 6 7 8 9 A B C D E F [ ] , |	←		id17_move_backward_4
id17_move_backward_4	0 1 2 3 4 5 6 7 8 9 A B C D E F [ ] , |	←		id17_move_backward_3
id17_move_backward_3	0 1 2 3 4 5 6 7 8 9 A B C D E F [ ] , |	←		id17_move_backward_2
id17_move_backward_2	0 1 2 3 4 5 6 7 8 9 A B C D E F [ ] , |	←		id17_move_backward_1
id17_move_backward_1	0 1 2 3 4 5 6 7 8 9 A B C D E F [ ] , |	←		compare
id15_move_forward_1_remember_5	6 7 8 9 A B C D E F	→		id15_no_swap_required
id15_no_swap_required	0 1 2 3 4 5 6 7 8 9 A B C D E F [ ] , |	←		find_,_for_next_comparison
compare	6	→		id18_move_forward_17_remember_6
id18_move_forward_17_remember_6	0 1 2 3 4 5 6 7 8 9 A B C D E F ,	→		id18_move_forward_16_remember_6
id18_move_forward_17_remember_6	] |	←		advance_sorted_boundary
id18_move_forward_16_remember_6	0 1 2 3 4 5 6 7 8 9 A B C D E F ,	→		id18_move_forward_15_remember_6
id18_move_forward_16_remember_6	] |	←		advance_sorted_boundary
id18_move_forward_15_remember_6	0 1 2 3 4 5 6 7 8 9 A B C D E F ,	→		id18_move_forward_14_remember_6
id18_move_forward_15_remember_6	] |	←		advance_sorted_boundary
id18_move_forward_14_remember_6	0 1 2 3 4 5 6 7 8 9 A B C D E F ,	→		id18_move_forward_13_remember_6
id18_move_forward_14_remember_6	] |	←		advance_sorted_boundary
id18_move_forward_13_remember_6	0 1 2 3 4 5 6 7 8 9 A B C D E F ,	→		id18_move_forward_12_remember_6
id18_move_forward_13_remember_6	] |	←		advance_sorted_boundary
id18_move_forward_12_remember_6	0 1 2 3 4 5 6 7 8 9 A B C D E F ,	→		id18_move_forward_11_remember_6
id18_move_forward_12_remember_6	] |	←		advance_sorted_boundary
id18_move_forward_11_remember_6	0 1 2 3 4 5 6 7 8 9 A B C D E F ,	→		id18_move_forward_10_remember_6
id18_move_forward_11_remember_6	] |	←		advance_sorted_boundary
id18_move_forward_10_remember_6	0 1 2 3 4 5 6 7 8 9 A B C D E F ,	→		id18_move_forward_9_remember_6
id18_move_forward_10_remember_6	] |	←		advance_sorted_boundary
id18_move_forward_9_remember_6	0 1 2 3 4 5 6 7 8 9 A B C D E F ,	→		id18_move_forward_8_remember_6
id18_move_forward_9_remember_6	] |	←		advance_sorted_boundary
id18_move_forward_8_remember_6	0 1 2 3 4 5 6 7 8 9 A B C D E F ,	→		id18_move_forward_7_remember_6
id18_move_forward_8_remember_6	] |	←		advance_sorted_boundary
id18_move_forward_7_remember_6	0 1 2 3 4 5 6 7 8 9 A B C D E F ,	→		id18_move_forward_6_remember_6
id18_move_forward_7_remember_6	] |	←		advance_sorted_boundary
id18_move_forward_6_remember_6	0 1 2 3 4 5 6 7 8 9 A B C D E F ,	→		id18_move_forward_5_remember_6
id18_move_forward_6_remember_6	] |	←		advance_sorted_boundary
id18_move_forward_5_remember_6	0 1 2 3 4 5 6 7 8 9 A B C D E F ,	→		id18_move_forward_4_remember_6
id18_move_forward_5_remember_6	] |	←		advance_sorted_boundary
id18_move_forward_4_remember_6	0 1 2 3 4 5 6 7 8 9 A B C D E F ,	→		id18_move_forward_3_remember_6
id18_move_forward_4_remember_6	] |	←		advance_sorted_boundary
id18_move_forward_3_remember_6	0 1 2 3 4 5 6 7 8 9 A B C D E F ,	→		id18_move_forward_2_remember_6
id18_move_forward_3_remember_6	] |	←		advance_sorted_boundary
id18_move_forward_2_remember_6	0 1 2 3 4 5 6 7 8 9 A B C D E F ,	→		id18_move_forward_1_remember_6
id18_move_forward_2_remember_6	] |	←		advance_sorted_boundary
id18_move_forward_1_remember_6	0 1 2 3 4 5	←		id18_swap_required
id18_swap_required	0 1 2 3 4 5 6 7 8 9 A B C D E F [ ] , |	←		id19_move_backward_15
id19_move_backward_15	0 1 2 3 4 5 6 7 8 9 A B C D E F [ ] , |	←		id19_move_backward_14
id19_move_backward_14	0 1 2 3 4 5 6 7 8 9 A B C D E F [ ] , |	←		id19_move_backward_13
id19_move_backward_13	0 1 2 3 4 5 6 7 8 9 A B C D E F [ ] , |	←		id19_move_backward_12
id19_move_backward_12	0 1 2 3 4 5 6 7 8 9 A B C D E F [ ] , |	←		id19_move_backward_11
id19_move_backward_11	0 1 2 3 4 5 6 7 8 9 A B C D E F [ ] , |	←		id19_move_backward_10
id19_move_backward_10	0 1 2 3 4 5 6 7 8 9 A B C D E F [ ] , |	←		id19_move_backward_9
id19_move_backward_9	0 1 2 3 4 5 6 7 8 9 A B C D E F [ ] , |	←		id19_move_backward_8
id19_move_backward_8	0 1 2 3 4 5 6 7 8 9 A B C D E F [ ] , |	←		id19_move_backward_7
id19_move_backward_7	0 1 2 3 4 5 6 7 8 9 A B C D E F [ ] , |	←		id19_move_backward_6
id19_move_backward_6	0 1 2 3 4 5 6 7 8 9 A B C D E F [ ] , |	←		id19_move_backward_5
id19_move_backward_5	0 1 2 3 4 5 6 7 8 9 A B C D E F [ ] , |	←		id19_move_backward_4
id19_move_backward_4	0 1 2 3 4 5 6 7 8 9 A B C D E F [ ] , |	←		id19_move_backward_3
id19_move_backward_3	0 1 2 3 4 5 6 7 8 9 A B C D E F [ ] , |	←		id19_move_backward_2
id19_move_backward_2	0 1 2 3 4 5 6 7 8 9 A B C D E F [ ] , |	←		id19_move_backward_1
id19_move_backward_1	0 1 2 3 4 5 6 7 8 9 A B C D E F [ ] , |	←		swap
id18_move_forward_1_remember_6	6	←		id18_compare_next_char_pair
id18_compare_next_char_pair	0 1 2 3 4 5 6 7 8 9 A B C D E F [ ] , |	←		id20_move_backward_14
id20_move_backward_14	0 1 2 3 4 5 6 7 8 9 A B C D E F [ ] , |	←		id20_move_backward_13
id20_move_backward_13	0 1 2 3 4 5 6 7 8 9 A B C D E F [ ] , |	←		id20_move_backward_12
id20_move_backward_12	0 1 2 3 4 5 6 7 8 9 A B C D E F [ ] , |	←		id20_move_backward_11
id20_move_backward_11	0 1 2 3 4 5 6 7 8 9 A B C D E F [ ] , |	←		id20_move_backward_10
id20_move_backward_10	0 1 2 3 4 5 6 7 8 9 A B C D E F [ ] , |	←		id20_move_backward_9
id20_move_backward_9	0 1 2 3 4 5 6 7 8 9 A B C D E F [ ] , |	←		id20_move_backward_8
id20_move_backward_8	0 1 2 3 4 5 6 7 8 9 A B C D E F [ ] , |	←		id20_move_backward_7
id20_move_backward_7	0 1 2 3 4 5 6 7 8 9 A B C D E F [ ] , |	←		id20_move_backward_6
id20_move_backward_6	0 1 2 3 4 5 6 7 8 9 A B C D E F [ ] , |	←		id20_move_backward_5
id20_move_backward_5	0 1 2 3 4 5 6 7 8 9 A B C D E F [ ] , |	←		id20_move_backward_4
id20_move_backward_4	0 1 2 3 4 5 6 7 8 9 A B C D E F [ ] , |	←		id20_move_backward_3
id20_move_backward_3	0 1 2 3 4 5 6 7 8 9 A B C D E F [ ] , |	←		id20_move_backward_2
id20_move_backward_2	0 1 2 3 4 5 6 7 8 9 A B C D E F [ ] , |	←		id20_move_backward_1
id20_move_backward_1	0 1 2 3 4 5 6 7 8 9 A B C D E F [ ] , |	←		compare
id18_move_forward_1_remember_6	7 8 9 A B C D E F	→		id18_no_swap_required
id18_no_swap_required	0 1 2 3 4 5 6 7 8 9 A B C D E F [ ] , |	←		find_,_for_next_comparison
compare	7	→		id21_move_forward_17_remember_7
id21_move_forward_17_remember_7	0 1 2 3 4 5 6 7 8 9 A B C D E F ,	→		id21_move_forward_16_remember_7
id21_move_forward_17_remember_7	] |	←		advance_sorted_boundary
id21_move_forward_16_remember_7	0 1 2 3 4 5 6 7 8 9 A B C D E F ,	→		id21_move_forward_15_remember_7
id21_move_forward_16_remember_7	] |	←		advance_sorted_boundary
id21_move_forward_15_remember_7	0 1 2 3 4 5 6 7 8 9 A B C D E F ,	→		id21_move_forward_14_remember_7
id21_move_forward_15_remember_7	] |	←		advance_sorted_boundary
id21_move_forward_14_remember_7	0 1 2 3 4 5 6 7 8 9 A B C D E F ,	→		id21_move_forward_13_remember_7
id21_move_forward_14_remember_7	] |	←		advance_sorted_boundary
id21_move_forward_13_remember_7	0 1 2 3 4 5 6 7 8 9 A B C D E F ,	→		id21_move_forward_12_remember_7
id21_move_forward_13_remember_7	] |	←		advance_sorted_boundary
id21_move_forward_12_remember_7	0 1 2 3 4 5 6 7 8 9 A B C D E F ,	→		id21_move_forward_11_remember_7
id21_move_forward_12_remember_7	] |	←		advance_sorted_boundary
id21_move_forward_11_remember_7	0 1 2 3 4 5 6 7 8 9 A B C D E F ,	→		id21_move_forward_10_remember_7
id21_move_forward_11_remember_7	] |	←		advance_sorted_boundary
id21_move_forward_10_remember_7	0 1 2 3 4 5 6 7 8 9 A B C D E F ,	→		id21_move_forward_9_remember_7
id21_move_forward_10_remember_7	] |	←		advance_sorted_boundary
id21_move_forward_9_remember_7	0 1 2 3 4 5 6 7 8 9 A B C D E F ,	→		id21_move_forward_8_remember_7
id21_move_forward_9_remember_7	] |	←		advance_sorted_boundary
id21_move_forward_8_remember_7	0 1 2 3 4 5 6 7 8 9 A B C D E F ,	→		id21_move_forward_7_remember_7
id21_move_forward_8_remember_7	] |	←		advance_sorted_boundary
id21_move_forward_7_remember_7	0 1 2 3 4 5 6 7 8 9 A B C D E F ,	→		id21_move_forward_6_remember_7
id21_move_forward_7_remember_7	] |	←		advance_sorted_boundary
id21_move_forward_6_remember_7	0 1 2 3 4 5 6 7 8 9 A B C D E F ,	→		id21_move_forward_5_remember_7
id21_move_forward_6_remember_7	] |	←		advance_sorted_boundary
id21_move_forward_5_remember_7	0 1 2 3 4 5 6 7 8 9 A B C D E F ,	→		id21_move_forward_4_remember_7
id21_move_forward_5_remember_7	] |	←		advance_sorted_boundary
id21_move_forward_4_remember_7	0 1 2 3 4 5 6 7 8 9 A B C D E F ,	→		id21_move_forward_3_remember_7
id21_move_forward_4_remember_7	] |	←		advance_sorted_boundary
id21_move_forward_3_remember_7	0 1 2 3 4 5 6 7 8 9 A B C D E F ,	→		id21_move_forward_2_remember_7
id21_move_forward_3_remember_7	] |	←		advance_sorted_boundary
id21_move_forward_2_remember_7	0 1 2 3 4 5 6 7 8 9 A B C D E F ,	→		id21_move_forward_1_remember_7
id21_move_forward_2_remember_7	] |	←		advance_sorted_boundary
id21_move_forward_1_remember_7	0 1 2 3 4 5 6	←		id21_swap_required
id21_swap_required	0 1 2 3 4 5 6 7 8 9 A B C D E F [ ] , |	←		id22_move_backward_15
id22_move_backward_15	0 1 2 3 4 5 6 7 8 9 A B C D E F [ ] , |	←		id22_move_backward_14
id22_move_backward_14	0 1 2 3 4 5 6 7 8 9 A B C D E F [ ] , |	←		id22_move_backward_13
id22_move_backward_13	0 1 2 3 4 5 6 7 8 9 A B C D E F [ ] , |	←		id22_move_backward_12
id22_move_backward_12	0 1 2 3 4 5 6 7 8 9 A B C D E F [ ] , |	←		id22_move_backward_11
id22_move_backward_11	0 1 2 3 4 5 6 7 8 9 A B C D E F [ ] , |	←		id22_move_backward_10
id22_move_backward_10	0 1 2 3 4 5 6 7 8 9 A B C D E F [ ] , |	←		id22_move_backward_9
id22_move_backward_9	0 1 2 3 4 5 6 7 8 9 A B C D E F [ ] , |	←		id22_move_backward_8
id22_move_backward_8	0 1 2 3 4 5 6 7 8 9 A B C D E F [ ] , |	←		id22_move_backward_7
id22_move_backward_7	0 1 2 3 4 5 6 7 8 9 A B C D E F [ ] , |	←		id22_move_backward_6
id22_move_backward_6	0 1 2 3 4 5 6 7 8 9 A B C D E F [ ] , |	←		id22_move_backward_5
id22_move_backward_5	0 1 2 3 4 5 6 7 8 9 A B C D E F [ ] , |	←		id22_move_backward_4
id22_move_backward_4	0 1 2 3 4 5 6 7 8 9 A B C D E F [ ] , |	←		id22_move_backward_3
id22_move_backward_3	0 1 2 3 4 5 6 7 8 9 A B C D E F [ ] , |	←		id22_move_backward_2
id22_move_backward_2	0 1 2 3 4 5 6 7 8 9 A B C D E F [ ] , |	←		id22_move_backward_1
id22_move_backward_1	0 1 2 3 4 5 6 7 8 9 A B C D E F [ ] , |	←		swap
id21_move_forward_1_remember_7	7	←		id21_compare_next_char_pair
id21_compare_next_char_pair	0 1 2 3 4 5 6 7 8 9 A B C D E F [ ] , |	←		id23_move_backward_14
id23_move_backward_14	0 1 2 3 4 5 6 7 8 9 A B C D E F [ ] , |	←		id23_move_backward_13
id23_move_backward_13	0 1 2 3 4 5 6 7 8 9 A B C D E F [ ] , |	←		id23_move_backward_12
id23_move_backward_12	0 1 2 3 4 5 6 7 8 9 A B C D E F [ ] , |	←		id23_move_backward_11
id23_move_backward_11	0 1 2 3 4 5 6 7 8 9 A B C D E F [ ] , |	←		id23_move_backward_10
id23_move_backward_10	0 1 2 3 4 5 6 7 8 9 A B C D E F [ ] , |	←		id23_move_backward_9
id23_move_backward_9	0 1 2 3 4 5 6 7 8 9 A B C D E F [ ] , |	←		id23_move_backward_8
id23_move_backward_8	0 1 2 3 4 5 6 7 8 9 A B C D E F [ ] , |	←		id23_move_backward_7
id23_move_backward_7	0 1 2 3 4 5 6 7 8 9 A B C D E F [ ] , |	←		id23_move_backward_6
id23_move_backward_6	0 1 2 3 4 5 6 7 8 9 A B C D E F [ ] , |	←		id23_move_backward_5
id23_move_backward_5	0 1 2 3 4 5 6 7 8 9 A B C D E F [ ] , |	←		id23_move_backward_4
id23_move_backward_4	0 1 2 3 4 5 6 7 8 9 A B C D E F [ ] , |	←		id23_move_backward_3
id23_move_backward_3	0 1 2 3 4 5 6 7 8 9 A B C D E F [ ] , |	←		id23_move_backward_2
id23_move_backward_2	0 1 2 3 4 5 6 7 8 9 A B C D E F [ ] , |	←		id23_move_backward_1
id23_move_backward_1	0 1 2 3 4 5 6 7 8 9 A B C D E F [ ] , |	←		compare
id21_move_forward_1_remember_7	8 9 A B C D E F	→		id21_no_swap_required
id21_no_swap_required	0 1 2 3 4 5 6 7 8 9 A B C D E F [ ] , |	←		find_,_for_next_comparison
compare	8	→		id24_move_forward_17_remember_8
id24_move_forward_17_remember_8	0 1 2 3 4 5 6 7 8 9 A B C D E F ,	→		id24_move_forward_16_remember_8
id24_move_forward_17_remember_8	] |	←		advance_sorted_boundary
id24_move_forward_16_remember_8	0 1 2 3 4 5 6 7 8 9 A B C D E F ,	→		id24_move_forward_15_remember_8
id24_move_forward_16_remember_8	] |	←		advance_sorted_boundary
id24_move_forward_15_remember_8	0 1 2 3 4 5 6 7 8 9 A B C D E F ,	→		id24_move_forward_14_remember_8
id24_move_forward_15_remember_8	] |	←		advance_sorted_boundary
id24_move_forward_14_remember_8	0 1 2 3 4 5 6 7 8 9 A B C D E F ,	→		id24_move_forward_13_remember_8
id24_move_forward_14_remember_8	] |	←		advance_sorted_boundary
id24_move_forward_13_remember_8	0 1 2 3 4 5 6 7 8 9 A B C D E F ,	→		id24_move_forward_12_remember_8
id24_move_forward_13_remember_8	] |	←		advance_sorted_boundary
id24_move_forward_12_remember_8	0 1 2 3 4 5 6 7 8 9 A B C D E F ,	→		id24_move_forward_11_remember_8
id24_move_forward_12_remember_8	] |	←		advance_sorted_boundary
id24_move_forward_11_remember_8	0 1 2 3 4 5 6 7 8 9 A B C D E F ,	→		id24_move_forward_10_remember_8
id24_move_forward_11_remember_8	] |	←		advance_sorted_boundary
id24_move_forward_10_remember_8	0 1 2 3 4 5 6 7 8 9 A B C D E F ,	→		id24_move_forward_9_remember_8
id24_move_forward_10_remember_8	] |	←		advance_sorted_boundary
id24_move_forward_9_remember_8	0 1 2 3 4 5 6 7 8 9 A B C D E F ,	→		id24_move_forward_8_remember_8
id24_move_forward_9_remember_8	] |	←		advance_sorted_boundary
id24_move_forward_8_remember_8	0 1 2 3 4 5 6 7 8 9 A B C D E F ,	→		id24_move_forward_7_remember_8
id24_move_forward_8_remember_8	] |	←		advance_sorted_boundary
id24_move_forward_7_remember_8	0 1 2 3 4 5 6 7 8 9 A B C D E F ,	→		id24_move_forward_6_remember_8
id24_move_forward_7_remember_8	] |	←		advance_sorted_boundary
id24_move_forward_6_remember_8	0 1 2 3 4 5 6 7 8 9 A B C D E F ,	→		id24_move_forward_5_remember_8
id24_move_forward_6_remember_8	] |	←		advance_sorted_boundary
id24_move_forward_5_remember_8	0 1 2 3 4 5 6 7 8 9 A B C D E F ,	→		id24_move_forward_4_remember_8
id24_move_forward_5_remember_8	] |	←		advance_sorted_boundary
id24_move_forward_4_remember_8	0 1 2 3 4 5 6 7 8 9 A B C D E F ,	→		id24_move_forward_3_remember_8
id24_move_forward_4_remember_8	] |	←		advance_sorted_boundary
id24_move_forward_3_remember_8	0 1 2 3 4 5 6 7 8 9 A B C D E F ,	→		id24_move_forward_2_remember_8
id24_move_forward_3_remember_8	] |	←		advance_sorted_boundary
id24_move_forward_2_remember_8	0 1 2 3 4 5 6 7 8 9 A B C D E F ,	→		id24_move_forward_1_remember_8
id24_move_forward_2_remember_8	] |	←		advance_sorted_boundary
id24_move_forward_1_remember_8	0 1 2 3 4 5 6 7	←		id24_swap_required
id24_swap_required	0 1 2 3 4 5 6 7 8 9 A B C D E F [ ] , |	←		id25_move_backward_15
id25_move_backward_15	0 1 2 3 4 5 6 7 8 9 A B C D E F [ ] , |	←		id25_move_backward_14
id25_move_backward_14	0 1 2 3 4 5 6 7 8 9 A B C D E F [ ] , |	←		id25_move_backward_13
id25_move_backward_13	0 1 2 3 4 5 6 7 8 9 A B C D E F [ ] , |	←		id25_move_backward_12
id25_move_backward_12	0 1 2 3 4 5 6 7 8 9 A B C D E F [ ] , |	←		id25_move_backward_11
id25_move_backward_11	0 1 2 3 4 5 6 7 8 9 A B C D E F [ ] , |	←		id25_move_backward_10
id25_move_backward_10	0 1 2 3 4 5 6 7 8 9 A B C D E F [ ] , |	←		id25_move_backward_9
id25_move_backward_9	0 1 2 3 4 5 6 7 8 9 A B C D E F [ ] , |	←		id25_move_backward_8
id25_move_backward_8	0 1 2 3 4 5 6 7 8 9 A B C D E F [ ] , |	←		id25_move_backward_7
id25_move_backward_7	0 1 2 3 4 5 6 7 8 9 A B C D E F [ ] , |	←		id25_move_backward_6
id25_move_backward_6	0 1 2 3 4 5 6 7 8 9 A B C D E F [ ] , |	←		id25_move_backward_5
id25_move_backward_5	0 1 2 3 4 5 6 7 8 9 A B C D E F [ ] , |	←		id25_move_backward_4
id25_move_backward_4	0 1 2 3 4 5 6 7 8 9 A B C D E F [ ] , |	←		id25_move_backward_3
id25_move_backward_3	0 1 2 3 4 5 6 7 8 9 A B C D E F [ ] , |	←		id25_move_backward_2
id25_move_backward_2	0 1 2 3 4 5 6 7 8 9 A B C D E F [ ] , |	←		id25_move_backward_1
id25_move_backward_1	0 1 2 3 4 5 6 7 8 9 A B C D E F [ ] , |	←		swap
id24_move_forward_1_remember_8	8	←		id24_compare_next_char_pair
id24_compare_next_char_pair	0 1 2 3 4 5 6 7 8 9 A B C D E F [ ] , |	←		id26_move_backward_14
id26_move_backward_14	0 1 2 3 4 5 6 7 8 9 A B C D E F [ ] , |	←		id26_move_backward_13
id26_move_backward_13	0 1 2 3 4 5 6 7 8 9 A B C D E F [ ] , |	←		id26_move_backward_12
id26_move_backward_12	0 1 2 3 4 5 6 7 8 9 A B C D E F [ ] , |	←		id26_move_backward_11
id26_move_backward_11	0 1 2 3 4 5 6 7 8 9 A B C D E F [ ] , |	←		id26_move_backward_10
id26_move_backward_10	0 1 2 3 4 5 6 7 8 9 A B C D E F [ ] , |	←		id26_move_backward_9
id26_move_backward_9	0 1 2 3 4 5 6 7 8 9 A B C D E F [ ] , |	←		id26_move_backward_8
id26_move_backward_8	0 1 2 3 4 5 6 7 8 9 A B C D E F [ ] , |	←		id26_move_backward_7
id26_move_backward_7	0 1 2 3 4 5 6 7 8 9 A B C D E F [ ] , |	←		id26_move_backward_6
id26_move_backward_6	0 1 2 3 4 5 6 7 8 9 A B C D E F [ ] , |	←		id26_move_backward_5
id26_move_backward_5	0 1 2 3 4 5 6 7 8 9 A B C D E F [ ] , |	←		id26_move_backward_4
id26_move_backward_4	0 1 2 3 4 5 6 7 8 9 A B C D E F [ ] , |	←		id26_move_backward_3
id26_move_backward_3	0 1 2 3 4 5 6 7 8 9 A B C D E F [ ] , |	←		id26_move_backward_2
id26_move_backward_2	0 1 2 3 4 5 6 7 8 9 A B C D E F [ ] , |	←		id26_move_backward_1
id26_move_backward_1	0 1 2 3 4 5 6 7 8 9 A B C D E F [ ] , |	←		compare
id24_move_forward_1_remember_8	9 A B C D E F	→		id24_no_swap_required
id24_no_swap_required	0 1 2 3 4 5 6 7 8 9 A B C D E F [ ] , |	←		find_,_for_next_comparison
compare	9	→		id27_move_forward_17_remember_9
id27_move_forward_17_remember_9	0 1 2 3 4 5 6 7 8 9 A B C D E F ,	→		id27_move_forward_16_remember_9
id27_move_forward_17_remember_9	] |	←		advance_sorted_boundary
id27_move_forward_16_remember_9	0 1 2 3 4 5 6 7 8 9 A B C D E F ,	→		id27_move_forward_15_remember_9
id27_move_forward_16_remember_9	] |	←		advance_sorted_boundary
id27_move_forward_15_remember_9	0 1 2 3 4 5 6 7 8 9 A B C D E F ,	→		id27_move_forward_14_remember_9
id27_move_forward_15_remember_9	] |	←		advance_sorted_boundary
id27_move_forward_14_remember_9	0 1 2 3 4 5 6 7 8 9 A B C D E F ,	→		id27_move_forward_13_remember_9
id27_move_forward_14_remember_9	] |	←		advance_sorted_boundary
id27_move_forward_13_remember_9	0 1 2 3 4 5 6 7 8 9 A B C D E F ,	→		id27_move_forward_12_remember_9
id27_move_forward_13_remember_9	] |	←		advance_sorted_boundary
id27_move_forward_12_remember_9	0 1 2 3 4 5 6 7 8 9 A B C D E F ,	→		id27_move_forward_11_remember_9
id27_move_forward_12_remember_9	] |	←		advance_sorted_boundary
id27_move_forward_11_remember_9	0 1 2 3 4 5 6 7 8 9 A B C D E F ,	→		id27_move_forward_10_remember_9
id27_move_forward_11_remember_9	] |	←		advance_sorted_boundary
id27_move_forward_10_remember_9	0 1 2 3 4 5 6 7 8 9 A B C D E F ,	→		id27_move_forward_9_remember_9
id27_move_forward_10_remember_9	] |	←		advance_sorted_boundary
id27_move_forward_9_remember_9	0 1 2 3 4 5 6 7 8 9 A B C D E F ,	→		id27_move_forward_8_remember_9
id27_move_forward_9_remember_9	] |	←		advance_sorted_boundary
id27_move_forward_8_remember_9	0 1 2 3 4 5 6 7 8 9 A B C D E F ,	→		id27_move_forward_7_remember_9
id27_move_forward_8_remember_9	] |	←		advance_sorted_boundary
id27_move_forward_7_remember_9	0 1 2 3 4 5 6 7 8 9 A B C D E F ,	→		id27_move_forward_6_remember_9
id27_move_forward_7_remember_9	] |	←		advance_sorted_boundary
id27_move_forward_6_remember_9	0 1 2 3 4 5 6 7 8 9 A B C D E F ,	→		id27_move_forward_5_remember_9
id27_move_forward_6_remember_9	] |	←		advance_sorted_boundary
id27_move_forward_5_remember_9	0 1 2 3 4 5 6 7 8 9 A B C D E F ,	→		id27_move_forward_4_remember_9
id27_move_forward_5_remember_9	] |	←		advance_sorted_boundary
id27_move_forward_4_remember_9	0 1 2 3 4 5 6 7 8 9 A B C D E F ,	→		id27_move_forward_3_remember_9
id27_move_forward_4_remember_9	] |	←		advance_sorted_boundary
id27_move_forward_3_remember_9	0 1 2 3 4 5 6 7 8 9 A B C D E F ,	→		id27_move_forward_2_remember_9
id27_move_forward_3_remember_9	] |	←		advance_sorted_boundary
id27_move_forward_2_remember_9	0 1 2 3 4 5 6 7 8 9 A B C D E F ,	→		id27_move_forward_1_remember_9
id27_move_forward_2_remember_9	] |	←		advance_sorted_boundary
id27_move_forward_1_remember_9	0 1 2 3 4 5 6 7 8	←		id27_swap_required
id27_swap_required	0 1 2 3 4 5 6 7 8 9 A B C D E F [ ] , |	←		id28_move_backward_15
id28_move_backward_15	0 1 2 3 4 5 6 7 8 9 A B C D E F [ ] , |	←		id28_move_backward_14
id28_move_backward_14	0 1 2 3 4 5 6 7 8 9 A B C D E F [ ] , |	←		id28_move_backward_13
id28_move_backward_13	0 1 2 3 4 5 6 7 8 9 A B C D E F [ ] , |	←		id28_move_backward_12
id28_move_backward_12	0 1 2 3 4 5 6 7 8 9 A B C D E F [ ] , |	←		id28_move_backward_11
id28_move_backward_11	0 1 2 3 4 5 6 7 8 9 A B C D E F [ ] , |	←		id28_move_backward_10
id28_move_backward_10	0 1 2 3 4 5 6 7 8 9 A B C D E F [ ] , |	←		id28_move_backward_9
id28_move_backward_9	0 1 2 3 4 5 6 7 8 9 A B C D E F [ ] , |	←		id28_move_backward_8
id28_move_backward_8	0 1 2 3 4 5 6 7 8 9 A B C D E F [ ] , |	←		id28_move_backward_7
id28_move_backward_7	0 1 2 3 4 5 6 7 8 9 A B C D E F [ ] , |	←		id28_move_backward_6
id28_move_backward_6	0 1 2 3 4 5 6 7 8 9 A B C D E F [ ] , |	←		id28_move_backward_5
id28_move_backward_5	0 1 2 3 4 5 6 7 8 9 A B C D E F [ ] , |	←		id28_move_backward_4
id28_move_backward_4	0 1 2 3 4 5 6 7 8 9 A B C D E F [ ] , |	←		id28_move_backward_3
id28_move_backward_3	0 1 2 3 4 5 6 7 8 9 A B C D E F [ ] , |	←		id28_move_backward_2
id28_move_backward_2	0 1 2 3 4 5 6 7 8 9 A B C D E F [ ] , |	←		id28_move_backward_1
id28_move_backward_1	0 1 2 3 4 5 6 7 8 9 A B C D E F [ ] , |	←		swap
id27_move_forward_1_remember_9	9	←		id27_compare_next_char_pair
id27_compare_next_char_pair	0 1 2 3 4 5 6 7 8 9 A B C D E F [ ] , |	←		id29_move_backward_14
id29_move_backward_14	0 1 2 3 4 5 6 7 8 9 A B C D E F [ ] , |	←		id29_move_backward_13
id29_move_backward_13	0 1 2 3 4 5 6 7 8 9 A B C D E F [ ] , |	←		id29_move_backward_12
id29_move_backward_12	0 1 2 3 4 5 6 7 8 9 A B C D E F [ ] , |	←		id29_move_backward_11
id29_move_backward_11	0 1 2 3 4 5 6 7 8 9 A B C D E F [ ] , |	←		id29_move_backward_10
id29_move_backward_10	0 1 2 3 4 5 6 7 8 9 A B C D E F [ ] , |	←		id29_move_backward_9
id29_move_backward_9	0 1 2 3 4 5 6 7 8 9 A B C D E F [ ] , |	←		id29_move_backward_8
id29_move_backward_8	0 1 2 3 4 5 6 7 8 9 A B C D E F [ ] , |	←		id29_move_backward_7
id29_move_backward_7	0 1 2 3 4 5 6 7 8 9 A B C D E F [ ] , |	←		id29_move_backward_6
id29_move_backward_6	0 1 2 3 4 5 6 7 8 9 A B C D E F [ ] , |	←		id29_move_backward_5
id29_move_backward_5	0 1 2 3 4 5 6 7 8 9 A B C D E F [ ] , |	←		id29_move_backward_4
id29_move_backward_4	0 1 2 3 4 5 6 7 8 9 A B C D E F [ ] , |	←		id29_move_backward_3
id29_move_backward_3	0 1 2 3 4 5 6 7 8 9 A B C D E F [ ] , |	←		id29_move_backward_2
id29_move_backward_2	0 1 2 3 4 5 6 7 8 9 A B C D E F [ ] , |	←		id29_move_backward_1
id29_move_backward_1	0 1 2 3 4 5 6 7 8 9 A B C D E F [ ] , |	←		compare
id27_move_forward_1_remember_9	A B C D E F	→		id27_no_swap_required
id27_no_swap_required	0 1 2 3 4 5 6 7 8 9 A B C D E F [ ] , |	←		find_,_for_next_comparison
compare	A	→		id30_move_forward_17_remember_A
id30_move_forward_17_remember_A	0 1 2 3 4 5 6 7 8 9 A B C D E F ,	→		id30_move_forward_16_remember_A
id30_move_forward_17_remember_A	] |	←		advance_sorted_boundary
id30_move_forward_16_remember_A	0 1 2 3 4 5 6 7 8 9 A B C D E F ,	→		id30_move_forward_15_remember_A
id30_move_forward_16_remember_A	] |	←		advance_sorted_boundary
id30_move_forward_15_remember_A	0 1 2 3 4 5 6 7 8 9 A B C D E F ,	→		id30_move_forward_14_remember_A
id30_move_forward_15_remember_A	] |	←		advance_sorted_boundary
id30_move_forward_14_remember_A	0 1 2 3 4 5 6 7 8 9 A B C D E F ,	→		id30_move_forward_13_remember_A
id30_move_forward_14_remember_A	] |	←		advance_sorted_boundary
id30_move_forward_13_remember_A	0 1 2 3 4 5 6 7 8 9 A B C D E F ,	→		id30_move_forward_12_remember_A
id30_move_forward_13_remember_A	] |	←		advance_sorted_boundary
id30_move_forward_12_remember_A	0 1 2 3 4 5 6 7 8 9 A B C D E F ,	→		id30_move_forward_11_remember_A
id30_move_forward_12_remember_A	] |	←		advance_sorted_boundary
id30_move_forward_11_remember_A	0 1 2 3 4 5 6 7 8 9 A B C D E F ,	→		id30_move_forward_10_remember_A
id30_move_forward_11_remember_A	] |	←		advance_sorted_boundary
id30_move_forward_10_remember_A	0 1 2 3 4 5 6 7 8 9 A B C D E F ,	→		id30_move_forward_9_remember_A
id30_move_forward_10_remember_A	] |	←		advance_sorted_boundary
id30_move_forward_9_remember_A	0 1 2 3 4 5 6 7 8 9 A B C D E F ,	→		id30_move_forward_8_remember_A
id30_move_forward_9_remember_A	] |	←		advance_sorted_boundary
id30_move_forward_8_remember_A	0 1 2 3 4 5 6 7 8 9 A B C D E F ,	→		id30_move_forward_7_remember_A
id30_move_forward_8_remember_A	] |	←		advance_sorted_boundary
id30_move_forward_7_remember_A	0 1 2 3 4 5 6 7 8 9 A B C D E F ,	→		id30_move_forward_6_remember_A
id30_move_forward_7_remember_A	] |	←		advance_sorted_boundary
id30_move_forward_6_remember_A	0 1 2 3 4 5 6 7 8 9 A B C D E F ,	→		id30_move_forward_5_remember_A
id30_move_forward_6_remember_A	] |	←		advance_sorted_boundary
id30_move_forward_5_remember_A	0 1 2 3 4 5 6 7 8 9 A B C D E F ,	→		id30_move_forward_4_remember_A
id30_move_forward_5_remember_A	] |	←		advance_sorted_boundary
id30_move_forward_4_remember_A	0 1 2 3 4 5 6 7 8 9 A B C D E F ,	→		id30_move_forward_3_remember_A
id30_move_forward_4_remember_A	] |	←		advance_sorted_boundary
id30_move_forward_3_remember_A	0 1 2 3 4 5 6 7 8 9 A B C D E F ,	→		id30_move_forward_2_remember_A
id30_move_forward_3_remember_A	] |	←		advance_sorted_boundary
id30_move_forward_2_remember_A	0 1 2 3 4 5 6 7 8 9 A B C D E F ,	→		id30_move_forward_1_remember_A
id30_move_forward_2_remember_A	] |	←		advance_sorted_boundary
id30_move_forward_1_remember_A	0 1 2 3 4 5 6 7 8 9	←		id30_swap_required
id30_swap_required	0 1 2 3 4 5 6 7 8 9 A B C D E F [ ] , |	←		id31_move_backward_15
id31_move_backward_15	0 1 2 3 4 5 6 7 8 9 A B C D E F [ ] , |	←		id31_move_backward_14
id31_move_backward_14	0 1 2 3 4 5 6 7 8 9 A B C D E F [ ] , |	←		id31_move_backward_13
id31_move_backward_13	0 1 2 3 4 5 6 7 8 9 A B C D E F [ ] , |	←		id31_move_backward_12
id31_move_backward_12	0 1 2 3 4 5 6 7 8 9 A B C D E F [ ] , |	←		id31_move_backward_11
id31_move_backward_11	0 1 2 3 4 5 6 7 8 9 A B C D E F [ ] , |	←		id31_move_backward_10
id31_move_backward_10	0 1 2 3 4 5 6 7 8 9 A B C D E F [ ] , |	←		id31_move_backward_9
id31_move_backward_9	0 1 2 3 4 5 6 7 8 9 A B C D E F [ ] , |	←		id31_move_backward_8
id31_move_backward_8	0 1 2 3 4 5 6 7 8 9 A B C D E F [ ] , |	←		id31_move_backward_7
id31_move_backward_7	0 1 2 3 4 5 6 7 8 9 A B C D E F [ ] , |	←		id31_move_backward_6
id31_move_backward_6	0 1 2 3 4 5 6 7 8 9 A B C D E F [ ] , |	←		id31_move_backward_5
id31_move_backward_5	0 1 2 3 4 5 6 7 8 9 A B C D E F [ ] , |	←		id31_move_backward_4
id31_move_backward_4	0 1 2 3 4 5 6 7 8 9 A B C D E F [ ] , |	←		id31_move_backward_3
id31_move_backward_3	0 1 2 3 4 5 6 7 8 9 A B C D E F [ ] , |	←		id31_move_backward_2
id31_move_backward_2	0 1 2 3 4 5 6 7 8 9 A B C D E F [ ] , |	←		id31_move_backward_1
id31_move_backward_1	0 1 2 3 4 5 6 7 8 9 A B C D E F [ ] , |	←		swap
id30_move_forward_1_remember_A	A	←		id30_compare_next_char_pair
id30_compare_next_char_pair	0 1 2 3 4 5 6 7 8 9 A B C D E F [ ] , |	←		id32_move_backward_14
id32_move_backward_14	0 1 2 3 4 5 6 7 8 9 A B C D E F [ ] , |	←		id32_move_backward_13
id32_move_backward_13	0 1 2 3 4 5 6 7 8 9 A B C D E F [ ] , |	←		id32_move_backward_12
id32_move_backward_12	0 1 2 3 4 5 6 7 8 9 A B C D E F [ ] , |	←		id32_move_backward_11
id32_move_backward_11	0 1 2 3 4 5 6 7 8 9 A B C D E F [ ] , |	←		id32_move_backward_10
id32_move_backward_10	0 1 2 3 4 5 6 7 8 9 A B C D E F [ ] , |	←		id32_move_backward_9
id32_move_backward_9	0 1 2 3 4 5 6 7 8 9 A B C D E F [ ] , |	←		id32_move_backward_8
id32_move_backward_8	0 1 2 3 4 5 6 7 8 9 A B C D E F [ ] , |	←		id32_move_backward_7
id32_move_backward_7	0 1 2 3 4 5 6 7 8 9 A B C D E F [ ] , |	←		id32_move_backward_6
id32_move_backward_6	0 1 2 3 4 5 6 7 8 9 A B C D E F [ ] , |	←		id32_move_backward_5
id32_move_backward_5	0 1 2 3 4 5 6 7 8 9 A B C D E F [ ] , |	←		id32_move_backward_4
id32_move_backward_4	0 1 2 3 4 5 6 7 8 9 A B C D E F [ ] , |	←		id32_move_backward_3
id32_move_backward_3	0 1 2 3 4 5 6 7 8 9 A B C D E F [ ] , |	←		id32_move_backward_2
id32_move_backward_2	0 1 2 3 4 5 6 7 8 9 A B C D E F [ ] , |	←		id32_move_backward_1
id32_move_backward_1	0 1 2 3 4 5 6 7 8 9 A B C D E F [ ] , |	←		compare
id30_move_forward_1_remember_A	B C D E F	→		id30_no_swap_required
id30_no_swap_required	0 1 2 3 4 5 6 7 8 9 A B C D E F [ ] , |	←		find_,_for_next_comparison
compare	B	→		id33_move_forward_17_remember_B
id33_move_forward_17_remember_B	0 1 2 3 4 5 6 7 8 9 A B C D E F ,	→		id33_move_forward_16_remember_B
id33_move_forward_17_remember_B	] |	←		advance_sorted_boundary
id33_move_forward_16_remember_B	0 1 2 3 4 5 6 7 8 9 A B C D E F ,	→		id33_move_forward_15_remember_B
id33_move_forward_16_remember_B	] |	←		advance_sorted_boundary
id33_move_forward_15_remember_B	0 1 2 3 4 5 6 7 8 9 A B C D E F ,	→		id33_move_forward_14_remember_B
id33_move_forward_15_remember_B	] |	←		advance_sorted_boundary
id33_move_forward_14_remember_B	0 1 2 3 4 5 6 7 8 9 A B C D E F ,	→		id33_move_forward_13_remember_B
id33_move_forward_14_remember_B	] |	←		advance_sorted_boundary
id33_move_forward_13_remember_B	0 1 2 3 4 5 6 7 8 9 A B C D E F ,	→		id33_move_forward_12_remember_B
id33_move_forward_13_remember_B	] |	←		advance_sorted_boundary
id33_move_forward_12_remember_B	0 1 2 3 4 5 6 7 8 9 A B C D E F ,	→		id33_move_forward_11_remember_B
id33_move_forward_12_remember_B	] |	←		advance_sorted_boundary
id33_move_forward_11_remember_B	0 1 2 3 4 5 6 7 8 9 A B C D E F ,	→		id33_move_forward_10_remember_B
id33_move_forward_11_remember_B	] |	←		advance_sorted_boundary
id33_move_forward_10_remember_B	0 1 2 3 4 5 6 7 8 9 A B C D E F ,	→		id33_move_forward_9_remember_B
id33_move_forward_10_remember_B	] |	←		advance_sorted_boundary
id33_move_forward_9_remember_B	0 1 2 3 4 5 6 7 8 9 A B C D E F ,	→		id33_move_forward_8_remember_B
id33_move_forward_9_remember_B	] |	←		advance_sorted_boundary
id33_move_forward_8_remember_B	0 1 2 3 4 5 6 7 8 9 A B C D E F ,	→		id33_move_forward_7_remember_B
id33_move_forward_8_remember_B	] |	←		advance_sorted_boundary
id33_move_forward_7_remember_B	0 1 2 3 4 5 6 7 8 9 A B C D E F ,	→		id33_move_forward_6_remember_B
id33_move_forward_7_remember_B	] |	←		advance_sorted_boundary
id33_move_forward_6_remember_B	0 1 2 3 4 5 6 7 8 9 A B C D E F ,	→		id33_move_forward_5_remember_B
id33_move_forward_6_remember_B	] |	←		advance_sorted_boundary
id33_move_forward_5_remember_B	0 1 2 3 4 5 6 7 8 9 A B C D E F ,	→		id33_move_forward_4_remember_B
id33_move_forward_5_remember_B	] |	←		advance_sorted_boundary
id33_move_forward_4_remember_B	0 1 2 3 4 5 6 7 8 9 A B C D E F ,	→		id33_move_forward_3_remember_B
id33_move_forward_4_remember_B	] |	←		advance_sorted_boundary
id33_move_forward_3_remember_B	0 1 2 3 4 5 6 7 8 9 A B C D E F ,	→		id33_move_forward_2_remember_B
id33_move_forward_3_remember_B	] |	←		advance_sorted_boundary
id33_move_forward_2_remember_B	0 1 2 3 4 5 6 7 8 9 A B C D E F ,	→		id33_move_forward_1_remember_B
id33_move_forward_2_remember_B	] |	←		advance_sorted_boundary
id33_move_forward_1_remember_B	0 1 2 3 4 5 6 7 8 9 A	←		id33_swap_required
id33_swap_required	0 1 2 3 4 5 6 7 8 9 A B C D E F [ ] , |	←		id34_move_backward_15
id34_move_backward_15	0 1 2 3 4 5 6 7 8 9 A B C D E F [ ] , |	←		id34_move_backward_14
id34_move_backward_14	0 1 2 3 4 5 6 7 8 9 A B C D E F [ ] , |	←		id34_move_backward_13
id34_move_backward_13	0 1 2 3 4 5 6 7 8 9 A B C D E F [ ] , |	←		id34_move_backward_12
id34_move_backward_12	0 1 2 3 4 5 6 7 8 9 A B C D E F [ ] , |	←		id34_move_backward_11
id34_move_backward_11	0 1 2 3 4 5 6 7 8 9 A B C D E F [ ] , |	←		id34_move_backward_10
id34_move_backward_10	0 1 2 3 4 5 6 7 8 9 A B C D E F [ ] , |	←		id34_move_backward_9
id34_move_backward_9	0 1 2 3 4 5 6 7 8 9 A B C D E F [ ] , |	←		id34_move_backward_8
id34_move_backward_8	0 1 2 3 4 5 6 7 8 9 A B C D E F [ ] , |	←		id34_move_backward_7
id34_move_backward_7	0 1 2 3 4 5 6 7 8 9 A B C D E F [ ] , |	←		id34_move_backward_6
id34_move_backward_6	0 1 2 3 4 5 6 7 8 9 A B C D E F [ ] , |	←		id34_move_backward_5
id34_move_backward_5	0 1 2 3 4 5 6 7 8 9 A B C D E F [ ] , |	←		id34_move_backward_4
id34_move_backward_4	0 1 2 3 4 5 6 7 8 9 A B C D E F [ ] , |	←		id34_move_backward_3
id34_move_backward_3	0 1 2 3 4 5 6 7 8 9 A B C D E F [ ] , |	←		id34_move_backward_2
id34_move_backward_2	0 1 2 3 4 5 6 7 8 9 A B C D E F [ ] , |	←		id34_move_backward_1
id34_move_backward_1	0 1 2 3 4 5 6 7 8 9 A B C D E F [ ] , |	←		swap
id33_move_forward_1_remember_B	B	←		id33_compare_next_char_pair
id33_compare_next_char_pair	0 1 2 3 4 5 6 7 8 9 A B C D E F [ ] , |	←		id35_move_backward_14
id35_move_backward_14	0 1 2 3 4 5 6 7 8 9 A B C D E F [ ] , |	←		id35_move_backward_13
id35_move_backward_13	0 1 2 3 4 5 6 7 8 9 A B C D E F [ ] , |	←		id35_move_backward_12
id35_move_backward_12	0 1 2 3 4 5 6 7 8 9 A B C D E F [ ] , |	←		id35_move_backward_11
id35_move_backward_11	0 1 2 3 4 5 6 7 8 9 A B C D E F [ ] , |	←		id35_move_backward_10
id35_move_backward_10	0 1 2 3 4 5 6 7 8 9 A B C D E F [ ] , |	←		id35_move_backward_9
id35_move_backward_9	0 1 2 3 4 5 6 7 8 9 A B C D E F [ ] , |	←		id35_move_backward_8
id35_move_backward_8	0 1 2 3 4 5 6 7 8 9 A B C D E F [ ] , |	←		id35_move_backward_7
id35_move_backward_7	0 1 2 3 4 5 6 7 8 9 A B C D E F [ ] , |	←		id35_move_backward_6
id35_move_backward_6	0 1 2 3 4 5 6 7 8 9 A B C D E F [ ] , |	←		id35_move_backward_5
id35_move_backward_5	0 1 2 3 4 5 6 7 8 9 A B C D E F [ ] , |	←		id35_move_backward_4
id35_move_backward_4	0 1 2 3 4 5 6 7 8 9 A B C D E F [ ] , |	←		id35_move_backward_3
id35_move_backward_3	0 1 2 3 4 5 6 7 8 9 A B C D E F [ ] , |	←		id35_move_backward_2
id35_move_backward_2	0 1 2 3 4 5 6 7 8 9 A B C D E F [ ] , |	←		id35_move_backward_1
id35_move_backward_1	0 1 2 3 4 5 6 7 8 9 A B C D E F [ ] , |	←		compare
id33_move_forward_1_remember_B	C D E F	→		id33_no_swap_required
id33_no_swap_required	0 1 2 3 4 5 6 7 8 9 A B C D E F [ ] , |	←		find_,_for_next_comparison
compare	C	→		id36_move_forward_17_remember_C
id36_move_forward_17_remember_C	0 1 2 3 4 5 6 7 8 9 A B C D E F ,	→		id36_move_forward_16_remember_C
id36_move_forward_17_remember_C	] |	←		advance_sorted_boundary
id36_move_forward_16_remember_C	0 1 2 3 4 5 6 7 8 9 A B C D E F ,	→		id36_move_forward_15_remember_C
id36_move_forward_16_remember_C	] |	←		advance_sorted_boundary
id36_move_forward_15_remember_C	0 1 2 3 4 5 6 7 8 9 A B C D E F ,	→		id36_move_forward_14_remember_C
id36_move_forward_15_remember_C	] |	←		advance_sorted_boundary
id36_move_forward_14_remember_C	0 1 2 3 4 5 6 7 8 9 A B C D E F ,	→		id36_move_forward_13_remember_C
id36_move_forward_14_remember_C	] |	←		advance_sorted_boundary
id36_move_forward_13_remember_C	0 1 2 3 4 5 6 7 8 9 A B C D E F ,	→		id36_move_forward_12_remember_C
id36_move_forward_13_remember_C	] |	←		advance_sorted_boundary
id36_move_forward_12_remember_C	0 1 2 3 4 5 6 7 8 9 A B C D E F ,	→		id36_move_forward_11_remember_C
id36_move_forward_12_remember_C	] |	←		advance_sorted_boundary
id36_move_forward_11_remember_C	0 1 2 3 4 5 6 7 8 9 A B C D E F ,	→		id36_move_forward_10_remember_C
id36_move_forward_11_remember_C	] |	←		advance_sorted_boundary
id36_move_forward_10_remember_C	0 1 2 3 4 5 6 7 8 9 A B C D E F ,	→		id36_move_forward_9_remember_C
id36_move_forward_10_remember_C	] |	←		advance_sorted_boundary
id36_move_forward_9_remember_C	0 1 2 3 4 5 6 7 8 9 A B C D E F ,	→		id36_move_forward_8_remember_C
id36_move_forward_9_remember_C	] |	←		advance_sorted_boundary
id36_move_forward_8_remember_C	0 1 2 3 4 5 6 7 8 9 A B C D E F ,	→		id36_move_forward_7_remember_C
id36_move_forward_8_remember_C	] |	←		advance_sorted_boundary
id36_move_forward_7_remember_C	0 1 2 3 4 5 6 7 8 9 A B C D E F ,	→		id36_move_forward_6_remember_C
id36_move_forward_7_remember_C	] |	←		advance_sorted_boundary
id36_move_forward_6_remember_C	0 1 2 3 4 5 6 7 8 9 A B C D E F ,	→		id36_move_forward_5_remember_C
id36_move_forward_6_remember_C	] |	←		advance_sorted_boundary
id36_move_forward_5_remember_C	0 1 2 3 4 5 6 7 8 9 A B C D E F ,	→		id36_move_forward_4_remember_C
id36_move_forward_5_remember_C	] |	←		advance_sorted_boundary
id36_move_forward_4_remember_C	0 1 2 3 4 5 6 7 8 9 A B C D E F ,	→		id36_move_forward_3_remember_C
id36_move_forward_4_remember_C	] |	←		advance_sorted_boundary
id36_move_forward_3_remember_C	0 1 2 3 4 5 6 7 8 9 A B C D E F ,	→		id36_move_forward_2_remember_C
id36_move_forward_3_remember_C	] |	←		advance_sorted_boundary
id36_move_forward_2_remember_C	0 1 2 3 4 5 6 7 8 9 A B C D E F ,	→		id36_move_forward_1_remember_C
id36_move_forward_2_remember_C	] |	←		advance_sorted_boundary
id36_move_forward_1_remember_C	0 1 2 3 4 5 6 7 8 9 A B	←		id36_swap_required
id36_swap_required	0 1 2 3 4 5 6 7 8 9 A B C D E F [ ] , |	←		id37_move_backward_15
id37_move_backward_15	0 1 2 3 4 5 6 7 8 9 A B C D E F [ ] , |	←		id37_move_backward_14
id37_move_backward_14	0 1 2 3 4 5 6 7 8 9 A B C D E F [ ] , |	←		id37_move_backward_13
id37_move_backward_13	0 1 2 3 4 5 6 7 8 9 A B C D E F [ ] , |	←		id37_move_backward_12
id37_move_backward_12	0 1 2 3 4 5 6 7 8 9 A B C D E F [ ] , |	←		id37_move_backward_11
id37_move_backward_11	0 1 2 3 4 5 6 7 8 9 A B C D E F [ ] , |	←		id37_move_backward_10
id37_move_backward_10	0 1 2 3 4 5 6 7 8 9 A B C D E F [ ] , |	←		id37_move_backward_9
id37_move_backward_9	0 1 2 3 4 5 6 7 8 9 A B C D E F [ ] , |	←		id37_move_backward_8
id37_move_backward_8	0 1 2 3 4 5 6 7 8 9 A B C D E F [ ] , |	←		id37_move_backward_7
id37_move_backward_7	0 1 2 3 4 5 6 7 8 9 A B C D E F [ ] , |	←		id37_move_backward_6
id37_move_backward_6	0 1 2 3 4 5 6 7 8 9 A B C D E F [ ] , |	←		id37_move_backward_5
id37_move_backward_5	0 1 2 3 4 5 6 7 8 9 A B C D E F [ ] , |	←		id37_move_backward_4
id37_move_backward_4	0 1 2 3 4 5 6 7 8 9 A B C D E F [ ] , |	←		id37_move_backward_3
id37_move_backward_3	0 1 2 3 4 5 6 7 8 9 A B C D E F [ ] , |	←		id37_move_backward_2
id37_move_backward_2	0 1 2 3 4 5 6 7 8 9 A B C D E F [ ] , |	←		id37_move_backward_1
id37_move_backward_1	0 1 2 3 4 5 6 7 8 9 A B C D E F [ ] , |	←		swap
id36_move_forward_1_remember_C	C	←		id36_compare_next_char_pair
id36_compare_next_char_pair	0 1 2 3 4 5 6 7 8 9 A B C D E F [ ] , |	←		id38_move_backward_14
id38_move_backward_14	0 1 2 3 4 5 6 7 8 9 A B C D E F [ ] , |	←		id38_move_backward_13
id38_move_backward_13	0 1 2 3 4 5 6 7 8 9 A B C D E F [ ] , |	←		id38_move_backward_12
id38_move_backward_12	0 1 2 3 4 5 6 7 8 9 A B C D E F [ ] , |	←		id38_move_backward_11
id38_move_backward_11	0 1 2 3 4 5 6 7 8 9 A B C D E F [ ] , |	←		id38_move_backward_10
id38_move_backward_10	0 1 2 3 4 5 6 7 8 9 A B C D E F [ ] , |	←		id38_move_backward_9
id38_move_backward_9	0 1 2 3 4 5 6 7 8 9 A B C D E F [ ] , |	←		id38_move_backward_8
id38_move_backward_8	0 1 2 3 4 5 6 7 8 9 A B C D E F [ ] , |	←		id38_move_backward_7
id38_move_backward_7	0 1 2 3 4 5 6 7 8 9 A B C D E F [ ] , |	←		id38_move_backward_6
id38_move_backward_6	0 1 2 3 4 5 6 7 8 9 A B C D E F [ ] , |	←		id38_move_backward_5
id38_move_backward_5	0 1 2 3 4 5 6 7 8 9 A B C D E F [ ] , |	←		id38_move_backward_4
id38_move_backward_4	0 1 2 3 4 5 6 7 8 9 A B C D E F [ ] , |	←		id38_move_backward_3
id38_move_backward_3	0 1 2 3 4 5 6 7 8 9 A B C D E F [ ] , |	←		id38_move_backward_2
id38_move_backward_2	0 1 2 3 4 5 6 7 8 9 A B C D E F [ ] , |	←		id38_move_backward_1
id38_move_backward_1	0 1 2 3 4 5 6 7 8 9 A B C D E F [ ] , |	←		compare
id36_move_forward_1_remember_C	D E F	→		id36_no_swap_required
id36_no_swap_required	0 1 2 3 4 5 6 7 8 9 A B C D E F [ ] , |	←		find_,_for_next_comparison
compare	D	→		id39_move_forward_17_remember_D
id39_move_forward_17_remember_D	0 1 2 3 4 5 6 7 8 9 A B C D E F ,	→		id39_move_forward_16_remember_D
id39_move_forward_17_remember_D	] |	←		advance_sorted_boundary
id39_move_forward_16_remember_D	0 1 2 3 4 5 6 7 8 9 A B C D E F ,	→		id39_move_forward_15_remember_D
id39_move_forward_16_remember_D	] |	←		advance_sorted_boundary
id39_move_forward_15_remember_D	0 1 2 3 4 5 6 7 8 9 A B C D E F ,	→		id39_move_forward_14_remember_D
id39_move_forward_15_remember_D	] |	←		advance_sorted_boundary
id39_move_forward_14_remember_D	0 1 2 3 4 5 6 7 8 9 A B C D E F ,	→		id39_move_forward_13_remember_D
id39_move_forward_14_remember_D	] |	←		advance_sorted_boundary
id39_move_forward_13_remember_D	0 1 2 3 4 5 6 7 8 9 A B C D E F ,	→		id39_move_forward_12_remember_D
id39_move_forward_13_remember_D	] |	←		advance_sorted_boundary
id39_move_forward_12_remember_D	0 1 2 3 4 5 6 7 8 9 A B C D E F ,	→		id39_move_forward_11_remember_D
id39_move_forward_12_remember_D	] |	←		advance_sorted_boundary
id39_move_forward_11_remember_D	0 1 2 3 4 5 6 7 8 9 A B C D E F ,	→		id39_move_forward_10_remember_D
id39_move_forward_11_remember_D	] |	←		advance_sorted_boundary
id39_move_forward_10_remember_D	0 1 2 3 4 5 6 7 8 9 A B C D E F ,	→		id39_move_forward_9_remember_D
id39_move_forward_10_remember_D	] |	←		advance_sorted_boundary
id39_move_forward_9_remember_D	0 1 2 3 4 5 6 7 8 9 A B C D E F ,	→		id39_move_forward_8_remember_D
id39_move_forward_9_remember_D	] |	←		advance_sorted_boundary
id39_move_forward_8_remember_D	0 1 2 3 4 5 6 7 8 9 A B C D E F ,	→		id39_move_forward_7_remember_D
id39_move_forward_8_remember_D	] |	←		advance_sorted_boundary
id39_move_forward_7_remember_D	0 1 2 3 4 5 6 7 8 9 A B C D E F ,	→		id39_move_forward_6_remember_D
id39_move_forward_7_remember_D	] |	←		advance_sorted_boundary
id39_move_forward_6_remember_D	0 1 2 3 4 5 6 7 8 9 A B C D E F ,	→		id39_move_forward_5_remember_D
id39_move_forward_6_remember_D	] |	←		advance_sorted_boundary
id39_move_forward_5_remember_D	0 1 2 3 4 5 6 7 8 9 A B C D E F ,	→		id39_move_forward_4_remember_D
id39_move_forward_5_remember_D	] |	←		advance_sorted_boundary
id39_move_forward_4_remember_D	0 1 2 3 4 5 6 7 8 9 A B C D E F ,	→		id39_move_forward_3_remember_D
id39_move_forward_4_remember_D	] |	←		advance_sorted_boundary
id39_move_forward_3_remember_D	0 1 2 3 4 5 6 7 8 9 A B C D E F ,	→		id39_move_forward_2_remember_D
id39_move_forward_3_remember_D	] |	←		advance_sorted_boundary
id39_move_forward_2_remember_D	0 1 2 3 4 5 6 7 8 9 A B C D E F ,	→		id39_move_forward_1_remember_D
id39_move_forward_2_remember_D	] |	←		advance_sorted_boundary
id39_move_forward_1_remember_D	0 1 2 3 4 5 6 7 8 9 A B C	←		id39_swap_required
id39_swap_required	0 1 2 3 4 5 6 7 8 9 A B C D E F [ ] , |	←		id40_move_backward_15
id40_move_backward_15	0 1 2 3 4 5 6 7 8 9 A B C D E F [ ] , |	←		id40_move_backward_14
id40_move_backward_14	0 1 2 3 4 5 6 7 8 9 A B C D E F [ ] , |	←		id40_move_backward_13
id40_move_backward_13	0 1 2 3 4 5 6 7 8 9 A B C D E F [ ] , |	←		id40_move_backward_12
id40_move_backward_12	0 1 2 3 4 5 6 7 8 9 A B C D E F [ ] , |	←		id40_move_backward_11
id40_move_backward_11	0 1 2 3 4 5 6 7 8 9 A B C D E F [ ] , |	←		id40_move_backward_10
id40_move_backward_10	0 1 2 3 4 5 6 7 8 9 A B C D E F [ ] , |	←		id40_move_backward_9
id40_move_backward_9	0 1 2 3 4 5 6 7 8 9 A B C D E F [ ] , |	←		id40_move_backward_8
id40_move_backward_8	0 1 2 3 4 5 6 7 8 9 A B C D E F [ ] , |	←		id40_move_backward_7
id40_move_backward_7	0 1 2 3 4 5 6 7 8 9 A B C D E F [ ] , |	←		id40_move_backward_6
id40_move_backward_6	0 1 2 3 4 5 6 7 8 9 A B C D E F [ ] , |	←		id40_move_backward_5
id40_move_backward_5	0 1 2 3 4 5 6 7 8 9 A B C D E F [ ] , |	←		id40_move_backward_4
id40_move_backward_4	0 1 2 3 4 5 6 7 8 9 A B C D E F [ ] , |	←		id40_move_backward_3
id40_move_backward_3	0 1 2 3 4 5 6 7 8 9 A B C D E F [ ] , |	←		id40_move_backward_2
id40_move_backward_2	0 1 2 3 4 5 6 7 8 9 A B C D E F [ ] , |	←		id40_move_backward_1
id40_move_backward_1	0 1 2 3 4 5 6 7 8 9 A B C D E F [ ] , |	←		swap
id39_move_forward_1_remember_D	D	←		id39_compare_next_char_pair
id39_compare_next_char_pair	0 1 2 3 4 5 6 7 8 9 A B C D E F [ ] , |	←		id41_move_backward_14
id41_move_backward_14	0 1 2 3 4 5 6 7 8 9 A B C D E F [ ] , |	←		id41_move_backward_13
id41_move_backward_13	0 1 2 3 4 5 6 7 8 9 A B C D E F [ ] , |	←		id41_move_backward_12
id41_move_backward_12	0 1 2 3 4 5 6 7 8 9 A B C D E F [ ] , |	←		id41_move_backward_11
id41_move_backward_11	0 1 2 3 4 5 6 7 8 9 A B C D E F [ ] , |	←		id41_move_backward_10
id41_move_backward_10	0 1 2 3 4 5 6 7 8 9 A B C D E F [ ] , |	←		id41_move_backward_9
id41_move_backward_9	0 1 2 3 4 5 6 7 8 9 A B C D E F [ ] , |	←		id41_move_backward_8
id41_move_backward_8	0 1 2 3 4 5 6 7 8 9 A B C D E F [ ] , |	←		id41_move_backward_7
id41_move_backward_7	0 1 2 3 4 5 6 7 8 9 A B C D E F [ ] , |	←		id41_move_backward_6
id41_move_backward_6	0 1 2 3 4 5 6 7 8 9 A B C D E F [ ] , |	←		id41_move_backward_5
id41_move_backward_5	0 1 2 3 4 5 6 7 8 9 A B C D E F [ ] , |	←		id41_move_backward_4
id41_move_backward_4	0 1 2 3 4 5 6 7 8 9 A B C D E F [ ] , |	←		id41_move_backward_3
id41_move_backward_3	0 1 2 3 4 5 6 7 8 9 A B C D E F [ ] , |	←		id41_move_backward_2
id41_move_backward_2	0 1 2 3 4 5 6 7 8 9 A B C D E F [ ] , |	←		id41_move_backward_1
id41_move_backward_1	0 1 2 3 4 5 6 7 8 9 A B C D E F [ ] , |	←		compare
id39_move_forward_1_remember_D	E F	→		id39_no_swap_required
id39_no_swap_required	0 1 2 3 4 5 6 7 8 9 A B C D E F [ ] , |	←		find_,_for_next_comparison
compare	E	→		id42_move_forward_17_remember_E
id42_move_forward_17_remember_E	0 1 2 3 4 5 6 7 8 9 A B C D E F ,	→		id42_move_forward_16_remember_E
id42_move_forward_17_remember_E	] |	←		advance_sorted_boundary
id42_move_forward_16_remember_E	0 1 2 3 4 5 6 7 8 9 A B C D E F ,	→		id42_move_forward_15_remember_E
id42_move_forward_16_remember_E	] |	←		advance_sorted_boundary
id42_move_forward_15_remember_E	0 1 2 3 4 5 6 7 8 9 A B C D E F ,	→		id42_move_forward_14_remember_E
id42_move_forward_15_remember_E	] |	←		advance_sorted_boundary
id42_move_forward_14_remember_E	0 1 2 3 4 5 6 7 8 9 A B C D E F ,	→		id42_move_forward_13_remember_E
id42_move_forward_14_remember_E	] |	←		advance_sorted_boundary
id42_move_forward_13_remember_E	0 1 2 3 4 5 6 7 8 9 A B C D E F ,	→		id42_move_forward_12_remember_E
id42_move_forward_13_remember_E	] |	←		advance_sorted_boundary
id42_move_forward_12_remember_E	0 1 2 3 4 5 6 7 8 9 A B C D E F ,	→		id42_move_forward_11_remember_E
id42_move_forward_12_remember_E	] |	←		advance_sorted_boundary
id42_move_forward_11_remember_E	0 1 2 3 4 5 6 7 8 9 A B C D E F ,	→		id42_move_forward_10_remember_E
id42_move_forward_11_remember_E	] |	←		advance_sorted_boundary
id42_move_forward_10_remember_E	0 1 2 3 4 5 6 7 8 9 A B C D E F ,	→		id42_move_forward_9_remember_E
id42_move_forward_10_remember_E	] |	←		advance_sorted_boundary
id42_move_forward_9_remember_E	0 1 2 3 4 5 6 7 8 9 A B C D E F ,	→		id42_move_forward_8_remember_E
id42_move_forward_9_remember_E	] |	←		advance_sorted_boundary
id42_move_forward_8_remember_E	0 1 2 3 4 5 6 7 8 9 A B C D E F ,	→		id42_move_forward_7_remember_E
id42_move_forward_8_remember_E	] |	←		advance_sorted_boundary
id42_move_forward_7_remember_E	0 1 2 3 4 5 6 7 8 9 A B C D E F ,	→		id42_move_forward_6_remember_E
id42_move_forward_7_remember_E	] |	←		advance_sorted_boundary
id42_move_forward_6_remember_E	0 1 2 3 4 5 6 7 8 9 A B C D E F ,	→		id42_move_forward_5_remember_E
id42_move_forward_6_remember_E	] |	←		advance_sorted_boundary
id42_move_forward_5_remember_E	0 1 2 3 4 5 6 7 8 9 A B C D E F ,	→		id42_move_forward_4_remember_E
id42_move_forward_5_remember_E	] |	←		advance_sorted_boundary
id42_move_forward_4_remember_E	0 1 2 3 4 5 6 7 8 9 A B C D E F ,	→		id42_move_forward_3_remember_E
id42_move_forward_4_remember_E	] |	←		advance_sorted_boundary
id42_move_forward_3_remember_E	0 1 2 3 4 5 6 7 8 9 A B C D E F ,	→		id42_move_forward_2_remember_E
id42_move_forward_3_remember_E	] |	←		advance_sorted_boundary
id42_move_forward_2_remember_E	0 1 2 3 4 5 6 7 8 9 A B C D E F ,	→		id42_move_forward_1_remember_E
id42_move_forward_2_remember_E	] |	←		advance_sorted_boundary
id42_move_forward_1_remember_E	0 1 2 3 4 5 6 7 8 9 A B C D	←		id42_swap_required
id42_swap_required	0 1 2 3 4 5 6 7 8 9 A B C D E F [ ] , |	←		id43_move_backward_15
id43_move_backward_15	0 1 2 3 4 5 6 7 8 9 A B C D E F [ ] , |	←		id43_move_backward_14
id43_move_backward_14	0 1 2 3 4 5 6 7 8 9 A B C D E F [ ] , |	←		id43_move_backward_13
id43_move_backward_13	0 1 2 3 4 5 6 7 8 9 A B C D E F [ ] , |	←		id43_move_backward_12
id43_move_backward_12	0 1 2 3 4 5 6 7 8 9 A B C D E F [ ] , |	←		id43_move_backward_11
id43_move_backward_11	0 1 2 3 4 5 6 7 8 9 A B C D E F [ ] , |	←		id43_move_backward_10
id43_move_backward_10	0 1 2 3 4 5 6 7 8 9 A B C D E F [ ] , |	←		id43_move_backward_9
id43_move_backward_9	0 1 2 3 4 5 6 7 8 9 A B C D E F [ ] , |	←		id43_move_backward_8
id43_move_backward_8	0 1 2 3 4 5 6 7 8 9 A B C D E F [ ] , |	←		id43_move_backward_7
id43_move_backward_7	0 1 2 3 4 5 6 7 8 9 A B C D E F [ ] , |	←		id43_move_backward_6
id43_move_backward_6	0 1 2 3 4 5 6 7 8 9 A B C D E F [ ] , |	←		id43_move_backward_5
id43_move_backward_5	0 1 2 3 4 5 6 7 8 9 A B C D E F [ ] , |	←		id43_move_backward_4
id43_move_backward_4	0 1 2 3 4 5 6 7 8 9 A B C D E F [ ] , |	←		id43_move_backward_3
id43_move_backward_3	0 1 2 3 4 5 6 7 8 9 A B C D E F [ ] , |	←		id43_move_backward_2
id43_move_backward_2	0 1 2 3 4 5 6 7 8 9 A B C D E F [ ] , |	←		id43_move_backward_1
id43_move_backward_1	0 1 2 3 4 5 6 7 8 9 A B C D E F [ ] , |	←		swap
id42_move_forward_1_remember_E	E	←		id42_compare_next_char_pair
id42_compare_next_char_pair	0 1 2 3 4 5 6 7 8 9 A B C D E F [ ] , |	←		id44_move_backward_14
id44_move_backward_14	0 1 2 3 4 5 6 7 8 9 A B C D E F [ ] , |	←		id44_move_backward_13
id44_move_backward_13	0 1 2 3 4 5 6 7 8 9 A B C D E F [ ] , |	←		id44_move_backward_12
id44_move_backward_12	0 1 2 3 4 5 6 7 8 9 A B C D E F [ ] , |	←		id44_move_backward_11
id44_move_backward_11	0 1 2 3 4 5 6 7 8 9 A B C D E F [ ] , |	←		id44_move_backward_10
id44_move_backward_10	0 1 2 3 4 5 6 7 8 9 A B C D E F [ ] , |	←		id44_move_backward_9
id44_move_backward_9	0 1 2 3 4 5 6 7 8 9 A B C D E F [ ] , |	←		id44_move_backward_8
id44_move_backward_8	0 1 2 3 4 5 6 7 8 9 A B C D E F [ ] , |	←		id44_move_backward_7
id44_move_backward_7	0 1 2 3 4 5 6 7 8 9 A B C D E F [ ] , |	←		id44_move_backward_6
id44_move_backward_6	0 1 2 3 4 5 6 7 8 9 A B C D E F [ ] , |	←		id44_move_backward_5
id44_move_backward_5	0 1 2 3 4 5 6 7 8 9 A B C D E F [ ] , |	←		id44_move_backward_4
id44_move_backward_4	0 1 2 3 4 5 6 7 8 9 A B C D E F [ ] , |	←		id44_move_backward_3
id44_move_backward_3	0 1 2 3 4 5 6 7 8 9 A B C D E F [ ] , |	←		id44_move_backward_2
id44_move_backward_2	0 1 2 3 4 5 6 7 8 9 A B C D E F [ ] , |	←		id44_move_backward_1
id44_move_backward_1	0 1 2 3 4 5 6 7 8 9 A B C D E F [ ] , |	←		compare
id42_move_forward_1_remember_E	F	→		id42_no_swap_required
id42_no_swap_required	0 1 2 3 4 5 6 7 8 9 A B C D E F [ ] , |	←		find_,_for_next_comparison
compare	F	→		id45_move_forward_17_remember_F
id45_move_forward_17_remember_F	0 1 2 3 4 5 6 7 8 9 A B C D E F ,	→		id45_move_forward_16_remember_F
id45_move_forward_17_remember_F	] |	←		advance_sorted_boundary
id45_move_forward_16_remember_F	0 1 2 3 4 5 6 7 8 9 A B C D E F ,	→		id45_move_forward_15_remember_F
id45_move_forward_16_remember_F	] |	←		advance_sorted_boundary
id45_move_forward_15_remember_F	0 1 2 3 4 5 6 7 8 9 A B C D E F ,	→		id45_move_forward_14_remember_F
id45_move_forward_15_remember_F	] |	←		advance_sorted_boundary
id45_move_forward_14_remember_F	0 1 2 3 4 5 6 7 8 9 A B C D E F ,	→		id45_move_forward_13_remember_F
id45_move_forward_14_remember_F	] |	←		advance_sorted_boundary
id45_move_forward_13_remember_F	0 1 2 3 4 5 6 7 8 9 A B C D E F ,	→		id45_move_forward_12_remember_F
id45_move_forward_13_remember_F	] |	←		advance_sorted_boundary
id45_move_forward_12_remember_F	0 1 2 3 4 5 6 7 8 9 A B C D E F ,	→		id45_move_forward_11_remember_F
id45_move_forward_12_remember_F	] |	←		advance_sorted_boundary
id45_move_forward_11_remember_F	0 1 2 3 4 5 6 7 8 9 A B C D E F ,	→		id45_move_forward_10_remember_F
id45_move_forward_11_remember_F	] |	←		advance_sorted_boundary
id45_move_forward_10_remember_F	0 1 2 3 4 5 6 7 8 9 A B C D E F ,	→		id45_move_forward_9_remember_F
id45_move_forward_10_remember_F	] |	←		advance_sorted_boundary
id45_move_forward_9_remember_F	0 1 2 3 4 5 6 7 8 9 A B C D E F ,	→		id45_move_forward_8_remember_F
id45_move_forward_9_remember_F	] |	←		advance_sorted_boundary
id45_move_forward_8_remember_F	0 1 2 3 4 5 6 7 8 9 A B C D E F ,	→		id45_move_forward_7_remember_F
id45_move_forward_8_remember_F	] |	←		advance_sorted_boundary
id45_move_forward_7_remember_F	0 1 2 3 4 5 6 7 8 9 A B C D E F ,	→		id45_move_forward_6_remember_F
id45_move_forward_7_remember_F	] |	←		advance_sorted_boundary
id45_move_forward_6_remember_F	0 1 2 3 4 5 6 7 8 9 A B C D E F ,	→		id45_move_forward_5_remember_F
id45_move_forward_6_remember_F	] |	←		advance_sorted_boundary
id45_move_forward_5_remember_F	0 1 2 3 4 5 6 7 8 9 A B C D E F ,	→		id45_move_forward_4_remember_F
id45_move_forward_5_remember_F	] |	←		advance_sorted_boundary
id45_move_forward_4_remember_F	0 1 2 3 4 5 6 7 8 9 A B C D E F ,	→		id45_move_forward_3_remember_F
id45_move_forward_4_remember_F	] |	←		advance_sorted_boundary
id45_move_forward_3_remember_F	0 1 2 3 4 5 6 7 8 9 A B C D E F ,	→		id45_move_forward_2_remember_F
id45_move_forward_3_remember_F	] |	←		advance_sorted_boundary
id45_move_forward_2_remember_F	0 1 2 3 4 5 6 7 8 9 A B C D E F ,	→		id45_move_forward_1_remember_F
id45_move_forward_2_remember_F	] |	←		advance_sorted_boundary
id45_move_forward_1_remember_F	0 1 2 3 4 5 6 7 8 9 A B C D E	←		id45_swap_required
id45_swap_required	0 1 2 3 4 5 6 7 8 9 A B C D E F [ ] , |	←		id46_move_backward_15
id46_move_backward_15	0 1 2 3 4 5 6 7 8 9 A B C D E F [ ] , |	←		id46_move_backward_14
id46_move_backward_14	0 1 2 3 4 5 6 7 8 9 A B C D E F [ ] , |	←		id46_move_backward_13
id46_move_backward_13	0 1 2 3 4 5 6 7 8 9 A B C D E F [ ] , |	←		id46_move_backward_12
id46_move_backward_12	0 1 2 3 4 5 6 7 8 9 A B C D E F [ ] , |	←		id46_move_backward_11
id46_move_backward_11	0 1 2 3 4 5 6 7 8 9 A B C D E F [ ] , |	←		id46_move_backward_10
id46_move_backward_10	0 1 2 3 4 5 6 7 8 9 A B C D E F [ ] , |	←		id46_move_backward_9
id46_move_backward_9	0 1 2 3 4 5 6 7 8 9 A B C D E F [ ] , |	←		id46_move_backward_8
id46_move_backward_8	0 1 2 3 4 5 6 7 8 9 A B C D E F [ ] , |	←		id46_move_backward_7
id46_move_backward_7	0 1 2 3 4 5 6 7 8 9 A B C D E F [ ] , |	←		id46_move_backward_6
id46_move_backward_6	0 1 2 3 4 5 6 7 8 9 A B C D E F [ ] , |	←		id46_move_backward_5
id46_move_backward_5	0 1 2 3 4 5 6 7 8 9 A B C D E F [ ] , |	←		id46_move_backward_4
id46_move_backward_4	0 1 2 3 4 5 6 7 8 9 A B C D E F [ ] , |	←		id46_move_backward_3
id46_move_backward_3	0 1 2 3 4 5 6 7 8 9 A B C D E F [ ] , |	←		id46_move_backward_2
id46_move_backward_2	0 1 2 3 4 5 6 7 8 9 A B C D E F [ ] , |	←		id46_move_backward_1
id46_move_backward_1	0 1 2 3 4 5 6 7 8 9 A B C D E F [ ] , |	←		swap
id45_move_forward_1_remember_F	F	←		id45_compare_next_char_pair
id45_compare_next_char_pair	0 1 2 3 4 5 6 7 8 9 A B C D E F [ ] , |	←		id47_move_backward_14
id47_move_backward_14	0 1 2 3 4 5 6 7 8 9 A B C D E F [ ] , |	←		id47_move_backward_13
id47_move_backward_13	0 1 2 3 4 5 6 7 8 9 A B C D E F [ ] , |	←		id47_move_backward_12
id47_move_backward_12	0 1 2 3 4 5 6 7 8 9 A B C D E F [ ] , |	←		id47_move_backward_11
id47_move_backward_11	0 1 2 3 4 5 6 7 8 9 A B C D E F [ ] , |	←		id47_move_backward_10
id47_move_backward_10	0 1 2 3 4 5 6 7 8 9 A B C D E F [ ] , |	←		id47_move_backward_9
id47_move_backward_9	0 1 2 3 4 5 6 7 8 9 A B C D E F [ ] , |	←		id47_move_backward_8
id47_move_backward_8	0 1 2 3 4 5 6 7 8 9 A B C D E F [ ] , |	←		id47_move_backward_7
id47_move_backward_7	0 1 2 3 4 5 6 7 8 9 A B C D E F [ ] , |	←		id47_move_backward_6
id47_move_backward_6	0 1 2 3 4 5 6 7 8 9 A B C D E F [ ] , |	←		id47_move_backward_5
id47_move_backward_5	0 1 2 3 4 5 6 7 8 9 A B C D E F [ ] , |	←		id47_move_backward_4
id47_move_backward_4	0 1 2 3 4 5 6 7 8 9 A B C D E F [ ] , |	←		id47_move_backward_3
id47_move_backward_3	0 1 2 3 4 5 6 7 8 9 A B C D E F [ ] , |	←		id47_move_backward_2
id47_move_backward_2	0 1 2 3 4 5 6 7 8 9 A B C D E F [ ] , |	←		id47_move_backward_1
id47_move_backward_1	0 1 2 3 4 5 6 7 8 9 A B C D E F [ ] , |	←		compare
find_,_for_next_comparison	0 1 2 3 4 5 6 7 8 9 A B C D E F	←		find_,_for_next_comparison
find_,_for_next_comparison	,	→		compare
swap	0	→		id48_move_forward_16_remember_0
id48_move_forward_16_remember_0	0 1 2 3 4 5 6 7 8 9 A B C D E F [ ] , |	→		id48_move_forward_15_remember_0
id48_move_forward_15_remember_0	0 1 2 3 4 5 6 7 8 9 A B C D E F [ ] , |	→		id48_move_forward_14_remember_0
id48_move_forward_14_remember_0	0 1 2 3 4 5 6 7 8 9 A B C D E F [ ] , |	→		id48_move_forward_13_remember_0
id48_move_forward_13_remember_0	0 1 2 3 4 5 6 7 8 9 A B C D E F [ ] , |	→		id48_move_forward_12_remember_0
id48_move_forward_12_remember_0	0 1 2 3 4 5 6 7 8 9 A B C D E F [ ] , |	→		id48_move_forward_11_remember_0
id48_move_forward_11_remember_0	0 1 2 3 4 5 6 7 8 9 A B C D E F [ ] , |	→		id48_move_forward_10_remember_0
id48_move_forward_10_remember_0	0 1 2 3 4 5 6 7 8 9 A B C D E F [ ] , |	→		id48_move_forward_9_remember_0
id48_move_forward_9_remember_0	0 1 2 3 4 5 6 7 8 9 A B C D E F [ ] , |	→		id48_move_forward_8_remember_0
id48_move_forward_8_remember_0	0 1 2 3 4 5 6 7 8 9 A B C D E F [ ] , |	→		id48_move_forward_7_remember_0
id48_move_forward_7_remember_0	0 1 2 3 4 5 6 7 8 9 A B C D E F [ ] , |	→		id48_move_forward_6_remember_0
id48_move_forward_6_remember_0	0 1 2 3 4 5 6 7 8 9 A B C D E F [ ] , |	→		id48_move_forward_5_remember_0
id48_move_forward_5_remember_0	0 1 2 3 4 5 6 7 8 9 A B C D E F [ ] , |	→		id48_move_forward_4_remember_0
id48_move_forward_4_remember_0	0 1 2 3 4 5 6 7 8 9 A B C D E F [ ] , |	→		id48_move_forward_3_remember_0
id48_move_forward_3_remember_0	0 1 2 3 4 5 6 7 8 9 A B C D E F [ ] , |	→		id48_move_forward_2_remember_0
id48_move_forward_2_remember_0	0 1 2 3 4 5 6 7 8 9 A B C D E F [ ] , |	→		id48_move_forward_1_remember_0
id48_move_forward_1_remember_0	0 1 2 3 4 5 6 7 8 9 A B C D E F [ ] , |	→		swap_loop_remember_A_and_overwrite_B_0
swap	1	→		id48_move_forward_16_remember_1
id48_move_forward_16_remember_1	0 1 2 3 4 5 6 7 8 9 A B C D E F [ ] , |	→		id48_move_forward_15_remember_1
id48_move_forward_15_remember_1	0 1 2 3 4 5 6 7 8 9 A B C D E F [ ] , |	→		id48_move_forward_14_remember_1
id48_move_forward_14_remember_1	0 1 2 3 4 5 6 7 8 9 A B C D E F [ ] , |	→		id48_move_forward_13_remember_1
id48_move_forward_13_remember_1	0 1 2 3 4 5 6 7 8 9 A B C D E F [ ] , |	→		id48_move_forward_12_remember_1
id48_move_forward_12_remember_1	0 1 2 3 4 5 6 7 8 9 A B C D E F [ ] , |	→		id48_move_forward_11_remember_1
id48_move_forward_11_remember_1	0 1 2 3 4 5 6 7 8 9 A B C D E F [ ] , |	→		id48_move_forward_10_remember_1
id48_move_forward_10_remember_1	0 1 2 3 4 5 6 7 8 9 A B C D E F [ ] , |	→		id48_move_forward_9_remember_1
id48_move_forward_9_remember_1	0 1 2 3 4 5 6 7 8 9 A B C D E F [ ] , |	→		id48_move_forward_8_remember_1
id48_move_forward_8_remember_1	0 1 2 3 4 5 6 7 8 9 A B C D E F [ ] , |	→		id48_move_forward_7_remember_1
id48_move_forward_7_remember_1	0 1 2 3 4 5 6 7 8 9 A B C D E F [ ] , |	→		id48_move_forward_6_remember_1
id48_move_forward_6_remember_1	0 1 2 3 4 5 6 7 8 9 A B C D E F [ ] , |	→		id48_move_forward_5_remember_1
id48_move_forward_5_remember_1	0 1 2 3 4 5 6 7 8 9 A B C D E F [ ] , |	→		id48_move_forward_4_remember_1
id48_move_forward_4_remember_1	0 1 2 3 4 5 6 7 8 9 A B C D E F [ ] , |	→		id48_move_forward_3_remember_1
id48_move_forward_3_remember_1	0 1 2 3 4 5 6 7 8 9 A B C D E F [ ] , |	→		id48_move_forward_2_remember_1
id48_move_forward_2_remember_1	0 1 2 3 4 5 6 7 8 9 A B C D E F [ ] , |	→		id48_move_forward_1_remember_1
id48_move_forward_1_remember_1	0 1 2 3 4 5 6 7 8 9 A B C D E F [ ] , |	→		swap_loop_remember_A_and_overwrite_B_1
swap	2	→		id48_move_forward_16_remember_2
id48_move_forward_16_remember_2	0 1 2 3 4 5 6 7 8 9 A B C D E F [ ] , |	→		id48_move_forward_15_remember_2
id48_move_forward_15_remember_2	0 1 2 3 4 5 6 7 8 9 A B C D E F [ ] , |	→		id48_move_forward_14_remember_2
id48_move_forward_14_remember_2	0 1 2 3 4 5 6 7 8 9 A B C D E F [ ] , |	→		id48_move_forward_13_remember_2
id48_move_forward_13_remember_2	0 1 2 3 4 5 6 7 8 9 A B C D E F [ ] , |	→		id48_move_forward_12_remember_2
id48_move_forward_12_remember_2	0 1 2 3 4 5 6 7 8 9 A B C D E F [ ] , |	→		id48_move_forward_11_remember_2
id48_move_forward_11_remember_2	0 1 2 3 4 5 6 7 8 9 A B C D E F [ ] , |	→		id48_move_forward_10_remember_2
id48_move_forward_10_remember_2	0 1 2 3 4 5 6 7 8 9 A B C D E F [ ] , |	→		id48_move_forward_9_remember_2
id48_move_forward_9_remember_2	0 1 2 3 4 5 6 7 8 9 A B C D E F [ ] , |	→		id48_move_forward_8_remember_2
id48_move_forward_8_remember_2	0 1 2 3 4 5 6 7 8 9 A B C D E F [ ] , |	→		id48_move_forward_7_remember_2
id48_move_forward_7_remember_2	0 1 2 3 4 5 6 7 8 9 A B C D E F [ ] , |	→		id48_move_forward_6_remember_2
id48_move_forward_6_remember_2	0 1 2 3 4 5 6 7 8 9 A B C D E F [ ] , |	→		id48_move_forward_5_remember_2
id48_move_forward_5_remember_2	0 1 2 3 4 5 6 7 8 9 A B C D E F [ ] , |	→		id48_move_forward_4_remember_2
id48_move_forward_4_remember_2	0 1 2 3 4 5 6 7 8 9 A B C D E F [ ] , |	→		id48_move_forward_3_remember_2
id48_move_forward_3_remember_2	0 1 2 3 4 5 6 7 8 9 A B C D E F [ ] , |	→		id48_move_forward_2_remember_2
id48_move_forward_2_remember_2	0 1 2 3 4 5 6 7 8 9 A B C D E F [ ] , |	→		id48_move_forward_1_remember_2
id48_move_forward_1_remember_2	0 1 2 3 4 5 6 7 8 9 A B C D E F [ ] , |	→		swap_loop_remember_A_and_overwrite_B_2
swap	3	→		id48_move_forward_16_remember_3
id48_move_forward_16_remember_3	0 1 2 3 4 5 6 7 8 9 A B C D E F [ ] , |	→		id48_move_forward_15_remember_3
id48_move_forward_15_remember_3	0 1 2 3 4 5 6 7 8 9 A B C D E F [ ] , |	→		id48_move_forward_14_remember_3
id48_move_forward_14_remember_3	0 1 2 3 4 5 6 7 8 9 A B C D E F [ ] , |	→		id48_move_forward_13_remember_3
id48_move_forward_13_remember_3	0 1 2 3 4 5 6 7 8 9 A B C D E F [ ] , |	→		id48_move_forward_12_remember_3
id48_move_forward_12_remember_3	0 1 2 3 4 5 6 7 8 9 A B C D E F [ ] , |	→		id48_move_forward_11_remember_3
id48_move_forward_11_remember_3	0 1 2 3 4 5 6 7 8 9 A B C D E F [ ] , |	→		id48_move_forward_10_remember_3
id48_move_forward_10_remember_3	0 1 2 3 4 5 6 7 8 9 A B C D E F [ ] , |	→		id48_move_forward_9_remember_3
id48_move_forward_9_remember_3	0 1 2 3 4 5 6 7 8 9 A B C D E F [ ] , |	→		id48_move_forward_8_remember_3
id48_move_forward_8_remember_3	0 1 2 3 4 5 6 7 8 9 A B C D E F [ ] , |	→		id48_move_forward_7_remember_3
id48_move_forward_7_remember_3	0 1 2 3 4 5 6 7 8 9 A B C D E F [ ] , |	→		id48_move_forward_6_remember_3
id48_move_forward_6_remember_3	0 1 2 3 4 5 6 7 8 9 A B C D E F [ ] , |	→		id48_move_forward_5_remember_3
id48_move_forward_5_remember_3	0 1 2 3 4 5 6 7 8 9 A B C D E F [ ] , |	→		id48_move_forward_4_remember_3
id48_move_forward_4_remember_3	0 1 2 3 4 5 6 7 8 9 A B C D E F [ ] , |	→		id48_move_forward_3_remember_3
id48_move_forward_3_remember_3	0 1 2 3 4 5 6 7 8 9 A B C D E F [ ] , |	→		id48_move_forward_2_remember_3
id48_move_forward_2_remember_3	0 1 2 3 4 5 6 7 8 9 A B C D E F [ ] , |	→		id48_move_forward_1_remember_3
id48_move_forward_1_remember_3	0 1 2 3 4 5 6 7 8 9 A B C D E F [ ] , |	→		swap_loop_remember_A_and_overwrite_B_3
swap	4	→		id48_move_forward_16_remember_4
id48_move_forward_16_remember_4	0 1 2 3 4 5 6 7 8 9 A B C D E F [ ] , |	→		id48_move_forward_15_remember_4
id48_move_forward_15_remember_4	0 1 2 3 4 5 6 7 8 9 A B C D E F [ ] , |	→		id48_move_forward_14_remember_4
id48_move_forward_14_remember_4	0 1 2 3 4 5 6 7 8 9 A B C D E F [ ] , |	→		id48_move_forward_13_remember_4
id48_move_forward_13_remember_4	0 1 2 3 4 5 6 7 8 9 A B C D E F [ ] , |	→		id48_move_forward_12_remember_4
id48_move_forward_12_remember_4	0 1 2 3 4 5 6 7 8 9 A B C D E F [ ] , |	→		id48_move_forward_11_remember_4
id48_move_forward_11_remember_4	0 1 2 3 4 5 6 7 8 9 A B C D E F [ ] , |	→		id48_move_forward_10_remember_4
id48_move_forward_10_remember_4	0 1 2 3 4 5 6 7 8 9 A B C D E F [ ] , |	→		id48_move_forward_9_remember_4
id48_move_forward_9_remember_4	0 1 2 3 4 5 6 7 8 9 A B C D E F [ ] , |	→		id48_move_forward_8_remember_4
id48_move_forward_8_remember_4	0 1 2 3 4 5 6 7 8 9 A B C D E F [ ] , |	→		id48_move_forward_7_remember_4
id48_move_forward_7_remember_4	0 1 2 3 4 5 6 7 8 9 A B C D E F [ ] , |	→		id48_move_forward_6_remember_4
id48_move_forward_6_remember_4	0 1 2 3 4 5 6 7 8 9 A B C D E F [ ] , |	→		id48_move_forward_5_remember_4
id48_move_forward_5_remember_4	0 1 2 3 4 5 6 7 8 9 A B C D E F [ ] , |	→		id48_move_forward_4_remember_4
id48_move_forward_4_remember_4	0 1 2 3 4 5 6 7 8 9 A B C D E F [ ] , |	→		id48_move_forward_3_remember_4
id48_move_forward_3_remember_4	0 1 2 3 4 5 6 7 8 9 A B C D E F [ ] , |	→		id48_move_forward_2_remember_4
id48_move_forward_2_remember_4	0 1 2 3 4 5 6 7 8 9 A B C D E F [ ] , |	→		id48_move_forward_1_remember_4
id48_move_forward_1_remember_4	0 1 2 3 4 5 6 7 8 9 A B C D E F [ ] , |	→		swap_loop_remember_A_and_overwrite_B_4
swap	5	→		id48_move_forward_16_remember_5
id48_move_forward_16_remember_5	0 1 2 3 4 5 6 7 8 9 A B C D E F [ ] , |	→		id48_move_forward_15_remember_5
id48_move_forward_15_remember_5	0 1 2 3 4 5 6 7 8 9 A B C D E F [ ] , |	→		id48_move_forward_14_remember_5
id48_move_forward_14_remember_5	0 1 2 3 4 5 6 7 8 9 A B C D E F [ ] , |	→		id48_move_forward_13_remember_5
id48_move_forward_13_remember_5	0 1 2 3 4 5 6 7 8 9 A B C D E F [ ] , |	→		id48_move_forward_12_remember_5
id48_move_forward_12_remember_5	0 1 2 3 4 5 6 7 8 9 A B C D E F [ ] , |	→		id48_move_forward_11_remember_5
id48_move_forward_11_remember_5	0 1 2 3 4 5 6 7 8 9 A B C D E F [ ] , |	→		id48_move_forward_10_remember_5
id48_move_forward_10_remember_5	0 1 2 3 4 5 6 7 8 9 A B C D E F [ ] , |	→		id48_move_forward_9_remember_5
id48_move_forward_9_remember_5	0 1 2 3 4 5 6 7 8 9 A B C D E F [ ] , |	→		id48_move_forward_8_remember_5
id48_move_forward_8_remember_5	0 1 2 3 4 5 6 7 8 9 A B C D E F [ ] , |	→		id48_move_forward_7_remember_5
id48_move_forward_7_remember_5	0 1 2 3 4 5 6 7 8 9 A B C D E F [ ] , |	→		id48_move_forward_6_remember_5
id48_move_forward_6_remember_5	0 1 2 3 4 5 6 7 8 9 A B C D E F [ ] , |	→		id48_move_forward_5_remember_5
id48_move_forward_5_remember_5	0 1 2 3 4 5 6 7 8 9 A B C D E F [ ] , |	→		id48_move_forward_4_remember_5
id48_move_forward_4_remember_5	0 1 2 3 4 5 6 7 8 9 A B C D E F [ ] , |	→		id48_move_forward_3_remember_5
id48_move_forward_3_remember_5	0 1 2 3 4 5 6 7 8 9 A B C D E F [ ] , |	→		id48_move_forward_2_remember_5
id48_move_forward_2_remember_5	0 1 2 3 4 5 6 7 8 9 A B C D E F [ ] , |	→		id48_move_forward_1_remember_5
id48_move_forward_1_remember_5	0 1 2 3 4 5 6 7 8 9 A B C D E F [ ] , |	→		swap_loop_remember_A_and_overwrite_B_5
swap	6	→		id48_move_forward_16_remember_6
id48_move_forward_16_remember_6	0 1 2 3 4 5 6 7 8 9 A B C D E F [ ] , |	→		id48_move_forward_15_remember_6
id48_move_forward_15_remember_6	0 1 2 3 4 5 6 7 8 9 A B C D E F [ ] , |	→		id48_move_forward_14_remember_6
id48_move_forward_14_remember_6	0 1 2 3 4 5 6 7 8 9 A B C D E F [ ] , |	→		id48_move_forward_13_remember_6
id48_move_forward_13_remember_6	0 1 2 3 4 5 6 7 8 9 A B C D E F [ ] , |	→		id48_move_forward_12_remember_6
id48_move_forward_12_remember_6	0 1 2 3 4 5 6 7 8 9 A B C D E F [ ] , |	→		id48_move_forward_11_remember_6
id48_move_forward_11_remember_6	0 1 2 3 4 5 6 7 8 9 A B C D E F [ ] , |	→		id48_move_forward_10_remember_6
id48_move_forward_10_remember_6	0 1 2 3 4 5 6 7 8 9 A B C D E F [ ] , |	→		id48_move_forward_9_remember_6
id48_move_forward_9_remember_6	0 1 2 3 4 5 6 7 8 9 A B C D E F [ ] , |	→		id48_move_forward_8_remember_6
id48_move_forward_8_remember_6	0 1 2 3 4 5 6 7 8 9 A B C D E F [ ] , |	→		id48_move_forward_7_remember_6
id48_move_forward_7_remember_6	0 1 2 3 4 5 6 7 8 9 A B C D E F [ ] , |	→		id48_move_forward_6_remember_6
id48_move_forward_6_remember_6	0 1 2 3 4 5 6 7 8 9 A B C D E F [ ] , |	→		id48_move_forward_5_remember_6
id48_move_forward_5_remember_6	0 1 2 3 4 5 6 7 8 9 A B C D E F [ ] , |	→		id48_move_forward_4_remember_6
id48_move_forward_4_remember_6	0 1 2 3 4 5 6 7 8 9 A B C D E F [ ] , |	→		id48_move_forward_3_remember_6
id48_move_forward_3_remember_6	0 1 2 3 4 5 6 7 8 9 A B C D E F [ ] , |	→		id48_move_forward_2_remember_6
id48_move_forward_2_remember_6	0 1 2 3 4 5 6 7 8 9 A B C D E F [ ] , |	→		id48_move_forward_1_remember_6
id48_move_forward_1_remember_6	0 1 2 3 4 5 6 7 8 9 A B C D E F [ ] , |	→		swap_loop_remember_A_and_overwrite_B_6
swap	7	→		id48_move_forward_16_remember_7
id48_move_forward_16_remember_7	0 1 2 3 4 5 6 7 8 9 A B C D E F [ ] , |	→		id48_move_forward_15_remember_7
id48_move_forward_15_remember_7	0 1 2 3 4 5 6 7 8 9 A B C D E F [ ] , |	→		id48_move_forward_14_remember_7
id48_move_forward_14_remember_7	0 1 2 3 4 5 6 7 8 9 A B C D E F [ ] , |	→		id48_move_forward_13_remember_7
id48_move_forward_13_remember_7	0 1 2 3 4 5 6 7 8 9 A B C D E F [ ] , |	→		id48_move_forward_12_remember_7
id48_move_forward_12_remember_7	0 1 2 3 4 5 6 7 8 9 A B C D E F [ ] , |	→		id48_move_forward_11_remember_7
id48_move_forward_11_remember_7	0 1 2 3 4 5 6 7 8 9 A B C D E F [ ] , |	→		id48_move_forward_10_remember_7
id48_move_forward_10_remember_7	0 1 2 3 4 5 6 7 8 9 A B C D E F [ ] , |	→		id48_move_forward_9_remember_7
id48_move_forward_9_remember_7	0 1 2 3 4 5 6 7 8 9 A B C D E F [ ] , |	→		id48_move_forward_8_remember_7
id48_move_forward_8_remember_7	0 1 2 3 4 5 6 7 8 9 A B C D E F [ ] , |	→		id48_move_forward_7_remember_7
id48_move_forward_7_remember_7	0 1 2 3 4 5 6 7 8 9 A B C D E F [ ] , |	→		id48_move_forward_6_remember_7
id48_move_forward_6_remember_7	0 1 2 3 4 5 6 7 8 9 A B C D E F [ ] , |	→		id48_move_forward_5_remember_7
id48_move_forward_5_remember_7	0 1 2 3 4 5 6 7 8 9 A B C D E F [ ] , |	→		id48_move_forward_4_remember_7
id48_move_forward_4_remember_7	0 1 2 3 4 5 6 7 8 9 A B C D E F [ ] , |	→		id48_move_forward_3_remember_7
id48_move_forward_3_remember_7	0 1 2 3 4 5 6 7 8 9 A B C D E F [ ] , |	→		id48_move_forward_2_remember_7
id48_move_forward_2_remember_7	0 1 2 3 4 5 6 7 8 9 A B C D E F [ ] , |	→		id48_move_forward_1_remember_7
id48_move_forward_1_remember_7	0 1 2 3 4 5 6 7 8 9 A B C D E F [ ] , |	→		swap_loop_remember_A_and_overwrite_B_7
swap	8	→		id48_move_forward_16_remember_8
id48_move_forward_16_remember_8	0 1 2 3 4 5 6 7 8 9 A B C D E F [ ] , |	→		id48_move_forward_15_remember_8
id48_move_forward_15_remember_8	0 1 2 3 4 5 6 7 8 9 A B C D E F [ ] , |	→		id48_move_forward_14_remember_8
id48_move_forward_14_remember_8	0 1 2 3 4 5 6 7 8 9 A B C D E F [ ] , |	→		id48_move_forward_13_remember_8
id48_move_forward_13_remember_8	0 1 2 3 4 5 6 7 8 9 A B C D E F [ ] , |	→		id48_move_forward_12_remember_8
id48_move_forward_12_remember_8	0 1 2 3 4 5 6 7 8 9 A B C D E F [ ] , |	→		id48_move_forward_11_remember_8
id48_move_forward_11_remember_8	0 1 2 3 4 5 6 7 8 9 A B C D E F [ ] , |	→		id48_move_forward_10_remember_8
id48_move_forward_10_remember_8	0 1 2 3 4 5 6 7 8 9 A B C D E F [ ] , |	→		id48_move_forward_9_remember_8
id48_move_forward_9_remember_8	0 1 2 3 4 5 6 7 8 9 A B C D E F [ ] , |	→		id48_move_forward_8_remember_8
id48_move_forward_8_remember_8	0 1 2 3 4 5 6 7 8 9 A B C D E F [ ] , |	→		id48_move_forward_7_remember_8
id48_move_forward_7_remember_8	0 1 2 3 4 5 6 7 8 9 A B C D E F [ ] , |	→		id48_move_forward_6_remember_8
id48_move_forward_6_remember_8	0 1 2 3 4 5 6 7 8 9 A B C D E F [ ] , |	→		id48_move_forward_5_remember_8
id48_move_forward_5_remember_8	0 1 2 3 4 5 6 7 8 9 A B C D E F [ ] , |	→		id48_move_forward_4_remember_8
id48_move_forward_4_remember_8	0 1 2 3 4 5 6 7 8 9 A B C D E F [ ] , |	→		id48_move_forward_3_remember_8
id48_move_forward_3_remember_8	0 1 2 3 4 5 6 7 8 9 A B C D E F [ ] , |	→		id48_move_forward_2_remember_8
id48_move_forward_2_remember_8	0 1 2 3 4 5 6 7 8 9 A B C D E F [ ] , |	→		id48_move_forward_1_remember_8
id48_move_forward_1_remember_8	0 1 2 3 4 5 6 7 8 9 A B C D E F [ ] , |	→		swap_loop_remember_A_and_overwrite_B_8
swap	9	→		id48_move_forward_16_remember_9
id48_move_forward_16_remember_9	0 1 2 3 4 5 6 7 8 9 A B C D E F [ ] , |	→		id48_move_forward_15_remember_9
id48_move_forward_15_remember_9	0 1 2 3 4 5 6 7 8 9 A B C D E F [ ] , |	→		id48_move_forward_14_remember_9
id48_move_forward_14_remember_9	0 1 2 3 4 5 6 7 8 9 A B C D E F [ ] , |	→		id48_move_forward_13_remember_9
id48_move_forward_13_remember_9	0 1 2 3 4 5 6 7 8 9 A B C D E F [ ] , |	→		id48_move_forward_12_remember_9
id48_move_forward_12_remember_9	0 1 2 3 4 5 6 7 8 9 A B C D E F [ ] , |	→		id48_move_forward_11_remember_9
id48_move_forward_11_remember_9	0 1 2 3 4 5 6 7 8 9 A B C D E F [ ] , |	→		id48_move_forward_10_remember_9
id48_move_forward_10_remember_9	0 1 2 3 4 5 6 7 8 9 A B C D E F [ ] , |	→		id48_move_forward_9_remember_9
id48_move_forward_9_remember_9	0 1 2 3 4 5 6 7 8 9 A B C D E F [ ] , |	→		id48_move_forward_8_remember_9
id48_move_forward_8_remember_9	0 1 2 3 4 5 6 7 8 9 A B C D E F [ ] , |	→		id48_move_forward_7_remember_9
id48_move_forward_7_remember_9	0 1 2 3 4 5 6 7 8 9 A B C D E F [ ] , |	→		id48_move_forward_6_remember_9
id48_move_forward_6_remember_9	0 1 2 3 4 5 6 7 8 9 A B C D E F [ ] , |	→		id48_move_forward_5_remember_9
id48_move_forward_5_remember_9	0 1 2 3 4 5 6 7 8 9 A B C D E F [ ] , |	→		id48_move_forward_4_remember_9
id48_move_forward_4_remember_9	0 1 2 3 4 5 6 7 8 9 A B C D E F [ ] , |	→		id48_move_forward_3_remember_9
id48_move_forward_3_remember_9	0 1 2 3 4 5 6 7 8 9 A B C D E F [ ] , |	→		id48_move_forward_2_remember_9
id48_move_forward_2_remember_9	0 1 2 3 4 5 6 7 8 9 A B C D E F [ ] , |	→		id48_move_forward_1_remember_9
id48_move_forward_1_remember_9	0 1 2 3 4 5 6 7 8 9 A B C D E F [ ] , |	→		swap_loop_remember_A_and_overwrite_B_9
swap	A	→		id48_move_forward_16_remember_A
id48_move_forward_16_remember_A	0 1 2 3 4 5 6 7 8 9 A B C D E F [ ] , |	→		id48_move_forward_15_remember_A
id48_move_forward_15_remember_A	0 1 2 3 4 5 6 7 8 9 A B C D E F [ ] , |	→		id48_move_forward_14_remember_A
id48_move_forward_14_remember_A	0 1 2 3 4 5 6 7 8 9 A B C D E F [ ] , |	→		id48_move_forward_13_remember_A
id48_move_forward_13_remember_A	0 1 2 3 4 5 6 7 8 9 A B C D E F [ ] , |	→		id48_move_forward_12_remember_A
id48_move_forward_12_remember_A	0 1 2 3 4 5 6 7 8 9 A B C D E F [ ] , |	→		id48_move_forward_11_remember_A
id48_move_forward_11_remember_A	0 1 2 3 4 5 6 7 8 9 A B C D E F [ ] , |	→		id48_move_forward_10_remember_A
id48_move_forward_10_remember_A	0 1 2 3 4 5 6 7 8 9 A B C D E F [ ] , |	→		id48_move_forward_9_remember_A
id48_move_forward_9_remember_A	0 1 2 3 4 5 6 7 8 9 A B C D E F [ ] , |	→		id48_move_forward_8_remember_A
id48_move_forward_8_remember_A	0 1 2 3 4 5 6 7 8 9 A B C D E F [ ] , |	→		id48_move_forward_7_remember_A
id48_move_forward_7_remember_A	0 1 2 3 4 5 6 7 8 9 A B C D E F [ ] , |	→		id48_move_forward_6_remember_A
id48_move_forward_6_remember_A	0 1 2 3 4 5 6 7 8 9 A B C D E F [ ] , |	→		id48_move_forward_5_remember_A
id48_move_forward_5_remember_A	0 1 2 3 4 5 6 7 8 9 A B C D E F [ ] , |	→		id48_move_forward_4_remember_A
id48_move_forward_4_remember_A	0 1 2 3 4 5 6 7 8 9 A B C D E F [ ] , |	→		id48_move_forward_3_remember_A
id48_move_forward_3_remember_A	0 1 2 3 4 5 6 7 8 9 A B C D E F [ ] , |	→		id48_move_forward_2_remember_A
id48_move_forward_2_remember_A	0 1 2 3 4 5 6 7 8 9 A B C D E F [ ] , |	→		id48_move_forward_1_remember_A
id48_move_forward_1_remember_A	0 1 2 3 4 5 6 7 8 9 A B C D E F [ ] , |	→		swap_loop_remember_A_and_overwrite_B_A
swap	B	→		id48_move_forward_16_remember_B
id48_move_forward_16_remember_B	0 1 2 3 4 5 6 7 8 9 A B C D E F [ ] , |	→		id48_move_forward_15_remember_B
id48_move_forward_15_remember_B	0 1 2 3 4 5 6 7 8 9 A B C D E F [ ] , |	→		id48_move_forward_14_remember_B
id48_move_forward_14_remember_B	0 1 2 3 4 5 6 7 8 9 A B C D E F [ ] , |	→		id48_move_forward_13_remember_B
id48_move_forward_13_remember_B	0 1 2 3 4 5 6 7 8 9 A B C D E F [ ] , |	→		id48_move_forward_12_remember_B
id48_move_forward_12_remember_B	0 1 2 3 4 5 6 7 8 9 A B C D E F [ ] , |	→		id48_move_forward_11_remember_B
id48_move_forward_11_remember_B	0 1 2 3 4 5 6 7 8 9 A B C D E F [ ] , |	→		id48_move_forward_10_remember_B
id48_move_forward_10_remember_B	0 1 2 3 4 5 6 7 8 9 A B C D E F [ ] , |	→		id48_move_forward_9_remember_B
id48_move_forward_9_remember_B	0 1 2 3 4 5 6 7 8 9 A B C D E F [ ] , |	→		id48_move_forward_8_remember_B
id48_move_forward_8_remember_B	0 1 2 3 4 5 6 7 8 9 A B C D E F [ ] , |	→		id48_move_forward_7_remember_B
id48_move_forward_7_remember_B	0 1 2 3 4 5 6 7 8 9 A B C D E F [ ] , |	→		id48_move_forward_6_remember_B
id48_move_forward_6_remember_B	0 1 2 3 4 5 6 7 8 9 A B C D E F [ ] , |	→		id48_move_forward_5_remember_B
id48_move_forward_5_remember_B	0 1 2 3 4 5 6 7 8 9 A B C D E F [ ] , |	→		id48_move_forward_4_remember_B
id48_move_forward_4_remember_B	0 1 2 3 4 5 6 7 8 9 A B C D E F [ ] , |	→		id48_move_forward_3_remember_B
id48_move_forward_3_remember_B	0 1 2 3 4 5 6 7 8 9 A B C D E F [ ] , |	→		id48_move_forward_2_remember_B
id48_move_forward_2_remember_B	0 1 2 3 4 5 6 7 8 9 A B C D E F [ ] , |	→		id48_move_forward_1_remember_B
id48_move_forward_1_remember_B	0 1 2 3 4 5 6 7 8 9 A B C D E F [ ] , |	→		swap_loop_remember_A_and_overwrite_B_B
swap	C	→		id48_move_forward_16_remember_C
id48_move_forward_16_remember_C	0 1 2 3 4 5 6 7 8 9 A B C D E F [ ] , |	→		id48_move_forward_15_remember_C
id48_move_forward_15_remember_C	0 1 2 3 4 5 6 7 8 9 A B C D E F [ ] , |	→		id48_move_forward_14_remember_C
id48_move_forward_14_remember_C	0 1 2 3 4 5 6 7 8 9 A B C D E F [ ] , |	→		id48_move_forward_13_remember_C
id48_move_forward_13_remember_C	0 1 2 3 4 5 6 7 8 9 A B C D E F [ ] , |	→		id48_move_forward_12_remember_C
id48_move_forward_12_remember_C	0 1 2 3 4 5 6 7 8 9 A B C D E F [ ] , |	→		id48_move_forward_11_remember_C
id48_move_forward_11_remember_C	0 1 2 3 4 5 6 7 8 9 A B C D E F [ ] , |	→		id48_move_forward_10_remember_C
id48_move_forward_10_remember_C	0 1 2 3 4 5 6 7 8 9 A B C D E F [ ] , |	→		id48_move_forward_9_remember_C
id48_move_forward_9_remember_C	0 1 2 3 4 5 6 7 8 9 A B C D E F [ ] , |	→		id48_move_forward_8_remember_C
id48_move_forward_8_remember_C	0 1 2 3 4 5 6 7 8 9 A B C D E F [ ] , |	→		id48_move_forward_7_remember_C
id48_move_forward_7_remember_C	0 1 2 3 4 5 6 7 8 9 A B C D E F [ ] , |	→		id48_move_forward_6_remember_C
id48_move_forward_6_remember_C	0 1 2 3 4 5 6 7 8 9 A B C D E F [ ] , |	→		id48_move_forward_5_remember_C
id48_move_forward_5_remember_C	0 1 2 3 4 5 6 7 8 9 A B C D E F [ ] , |	→		id48_move_forward_4_remember_C
id48_move_forward_4_remember_C	0 1 2 3 4 5 6 7 8 9 A B C D E F [ ] , |	→		id48_move_forward_3_remember_C
id48_move_forward_3_remember_C	0 1 2 3 4 5 6 7 8 9 A B C D E F [ ] , |	→		id48_move_forward_2_remember_C
id48_move_forward_2_remember_C	0 1 2 3 4 5 6 7 8 9 A B C D E F [ ] , |	→		id48_move_forward_1_remember_C
id48_move_forward_1_remember_C	0 1 2 3 4 5 6 7 8 9 A B C D E F [ ] , |	→		swap_loop_remember_A_and_overwrite_B_C
swap	D	→		id48_move_forward_16_remember_D
id48_move_forward_16_remember_D	0 1 2 3 4 5 6 7 8 9 A B C D E F [ ] , |	→		id48_move_forward_15_remember_D
id48_move_forward_15_remember_D	0 1 2 3 4 5 6 7 8 9 A B C D E F [ ] , |	→		id48_move_forward_14_remember_D
id48_move_forward_14_remember_D	0 1 2 3 4 5 6 7 8 9 A B C D E F [ ] , |	→		id48_move_forward_13_remember_D
id48_move_forward_13_remember_D	0 1 2 3 4 5 6 7 8 9 A B C D E F [ ] , |	→		id48_move_forward_12_remember_D
id48_move_forward_12_remember_D	0 1 2 3 4 5 6 7 8 9 A B C D E F [ ] , |	→		id48_move_forward_11_remember_D
id48_move_forward_11_remember_D	0 1 2 3 4 5 6 7 8 9 A B C D E F [ ] , |	→		id48_move_forward_10_remember_D
id48_move_forward_10_remember_D	0 1 2 3 4 5 6 7 8 9 A B C D E F [ ] , |	→		id48_move_forward_9_remember_D
id48_move_forward_9_remember_D	0 1 2 3 4 5 6 7 8 9 A B C D E F [ ] , |	→		id48_move_forward_8_remember_D
id48_move_forward_8_remember_D	0 1 2 3 4 5 6 7 8 9 A B C D E F [ ] , |	→		id48_move_forward_7_remember_D
id48_move_forward_7_remember_D	0 1 2 3 4 5 6 7 8 9 A B C D E F [ ] , |	→		id48_move_forward_6_remember_D
id48_move_forward_6_remember_D	0 1 2 3 4 5 6 7 8 9 A B C D E F [ ] , |	→		id48_move_forward_5_remember_D
id48_move_forward_5_remember_D	0 1 2 3 4 5 6 7 8 9 A B C D E F [ ] , |	→		id48_move_forward_4_remember_D
id48_move_forward_4_remember_D	0 1 2 3 4 5 6 7 8 9 A B C D E F [ ] , |	→		id48_move_forward_3_remember_D
id48_move_forward_3_remember_D	0 1 2 3 4 5 6 7 8 9 A B C D E F [ ] , |	→		id48_move_forward_2_remember_D
id48_move_forward_2_remember_D	0 1 2 3 4 5 6 7 8 9 A B C D E F [ ] , |	→		id48_move_forward_1_remember_D
id48_move_forward_1_remember_D	0 1 2 3 4 5 6 7 8 9 A B C D E F [ ] , |	→		swap_loop_remember_A_and_overwrite_B_D
swap	E	→		id48_move_forward_16_remember_E
id48_move_forward_16_remember_E	0 1 2 3 4 5 6 7 8 9 A B C D E F [ ] , |	→		id48_move_forward_15_remember_E
id48_move_forward_15_remember_E	0 1 2 3 4 5 6 7 8 9 A B C D E F [ ] , |	→		id48_move_forward_14_remember_E
id48_move_forward_14_remember_E	0 1 2 3 4 5 6 7 8 9 A B C D E F [ ] , |	→		id48_move_forward_13_remember_E
id48_move_forward_13_remember_E	0 1 2 3 4 5 6 7 8 9 A B C D E F [ ] , |	→		id48_move_forward_12_remember_E
id48_move_forward_12_remember_E	0 1 2 3 4 5 6 7 8 9 A B C D E F [ ] , |	→		id48_move_forward_11_remember_E
id48_move_forward_11_remember_E	0 1 2 3 4 5 6 7 8 9 A B C D E F [ ] , |	→		id48_move_forward_10_remember_E
id48_move_forward_10_remember_E	0 1 2 3 4 5 6 7 8 9 A B C D E F [ ] , |	→		id48_move_forward_9_remember_E
id48_move_forward_9_remember_E	0 1 2 3 4 5 6 7 8 9 A B C D E F [ ] , |	→		id48_move_forward_8_remember_E
id48_move_forward_8_remember_E	0 1 2 3 4 5 6 7 8 9 A B C D E F [ ] , |	→		id48_move_forward_7_remember_E
id48_move_forward_7_remember_E	0 1 2 3 4 5 6 7 8 9 A B C D E F [ ] , |	→		id48_move_forward_6_remember_E
id48_move_forward_6_remember_E	0 1 2 3 4 5 6 7 8 9 A B C D E F [ ] , |	→		id48_move_forward_5_remember_E
id48_move_forward_5_remember_E	0 1 2 3 4 5 6 7 8 9 A B C D E F [ ] , |	→		id48_move_forward_4_remember_E
id48_move_forward_4_remember_E	0 1 2 3 4 5 6 7 8 9 A B C D E F [ ] , |	→		id48_move_forward_3_remember_E
id48_move_forward_3_remember_E	0 1 2 3 4 5 6 7 8 9 A B C D E F [ ] , |	→		id48_move_forward_2_remember_E
id48_move_forward_2_remember_E	0 1 2 3 4 5 6 7 8 9 A B C D E F [ ] , |	→		id48_move_forward_1_remember_E
id48_move_forward_1_remember_E	0 1 2 3 4 5 6 7 8 9 A B C D E F [ ] , |	→		swap_loop_remember_A_and_overwrite_B_E
swap	F	→		id48_move_forward_16_remember_F
id48_move_forward_16_remember_F	0 1 2 3 4 5 6 7 8 9 A B C D E F [ ] , |	→		id48_move_forward_15_remember_F
id48_move_forward_15_remember_F	0 1 2 3 4 5 6 7 8 9 A B C D E F [ ] , |	→		id48_move_forward_14_remember_F
id48_move_forward_14_remember_F	0 1 2 3 4 5 6 7 8 9 A B C D E F [ ] , |	→		id48_move_forward_13_remember_F
id48_move_forward_13_remember_F	0 1 2 3 4 5 6 7 8 9 A B C D E F [ ] , |	→		id48_move_forward_12_remember_F
id48_move_forward_12_remember_F	0 1 2 3 4 5 6 7 8 9 A B C D E F [ ] , |	→		id48_move_forward_11_remember_F
id48_move_forward_11_remember_F	0 1 2 3 4 5 6 7 8 9 A B C D E F [ ] , |	→		id48_move_forward_10_remember_F
id48_move_forward_10_remember_F	0 1 2 3 4 5 6 7 8 9 A B C D E F [ ] , |	→		id48_move_forward_9_remember_F
id48_move_forward_9_remember_F	0 1 2 3 4 5 6 7 8 9 A B C D E F [ ] , |	→		id48_move_forward_8_remember_F
id48_move_forward_8_remember_F	0 1 2 3 4 5 6 7 8 9 A B C D E F [ ] , |	→		id48_move_forward_7_remember_F
id48_move_forward_7_remember_F	0 1 2 3 4 5 6 7 8 9 A B C D E F [ ] , |	→		id48_move_forward_6_remember_F
id48_move_forward_6_remember_F	0 1 2 3 4 5 6 7 8 9 A B C D E F [ ] , |	→		id48_move_forward_5_remember_F
id48_move_forward_5_remember_F	0 1 2 3 4 5 6 7 8 9 A B C D E F [ ] , |	→		id48_move_forward_4_remember_F
id48_move_forward_4_remember_F	0 1 2 3 4 5 6 7 8 9 A B C D E F [ ] , |	→		id48_move_forward_3_remember_F
id48_move_forward_3_remember_F	0 1 2 3 4 5 6 7 8 9 A B C D E F [ ] , |	→		id48_move_forward_2_remember_F
id48_move_forward_2_remember_F	0 1 2 3 4 5 6 7 8 9 A B C D E F [ ] , |	→		id48_move_forward_1_remember_F
id48_move_forward_1_remember_F	0 1 2 3 4 5 6 7 8 9 A B C D E F [ ] , |	→		swap_loop_remember_A_and_overwrite_B_F
swap_loop_remember_A_and_overwrite_B_0	0	→	0	swap_loop_overwrote_B_remember_B_0
swap_loop_remember_A_and_overwrite_B_1	0	→	1	swap_loop_overwrote_B_remember_B_0
swap_loop_remember_A_and_overwrite_B_2	0	→	2	swap_loop_overwrote_B_remember_B_0
swap_loop_remember_A_and_overwrite_B_3	0	→	3	swap_loop_overwrote_B_remember_B_0
swap_loop_remember_A_and_overwrite_B_4	0	→	4	swap_loop_overwrote_B_remember_B_0
swap_loop_remember_A_and_overwrite_B_5	0	→	5	swap_loop_overwrote_B_remember_B_0
swap_loop_remember_A_and_overwrite_B_6	0	→	6	swap_loop_overwrote_B_remember_B_0
swap_loop_remember_A_and_overwrite_B_7	0	→	7	swap_loop_overwrote_B_remember_B_0
swap_loop_remember_A_and_overwrite_B_8	0	→	8	swap_loop_overwrote_B_remember_B_0
swap_loop_remember_A_and_overwrite_B_9	0	→	9	swap_loop_overwrote_B_remember_B_0
swap_loop_remember_A_and_overwrite_B_A	0	→	A	swap_loop_overwrote_B_remember_B_0
swap_loop_remember_A_and_overwrite_B_B	0	→	B	swap_loop_overwrote_B_remember_B_0
swap_loop_remember_A_and_overwrite_B_C	0	→	C	swap_loop_overwrote_B_remember_B_0
swap_loop_remember_A_and_overwrite_B_D	0	→	D	swap_loop_overwrote_B_remember_B_0
swap_loop_remember_A_and_overwrite_B_E	0	→	E	swap_loop_overwrote_B_remember_B_0
swap_loop_remember_A_and_overwrite_B_F	0	→	F	swap_loop_overwrote_B_remember_B_0
swap_loop_overwrote_B_remember_B_0	0 1 2 3 4 5 6 7 8 9 A B C D E F [ ] , |	←		id49_move_backward_17
id49_move_backward_17	0 1 2 3 4 5 6 7 8 9 A B C D E F [ ] , |	←		id49_move_backward_16
id49_move_backward_16	0 1 2 3 4 5 6 7 8 9 A B C D E F [ ] , |	←		id49_move_backward_15
id49_move_backward_15	0 1 2 3 4 5 6 7 8 9 A B C D E F [ ] , |	←		id49_move_backward_14
id49_move_backward_14	0 1 2 3 4 5 6 7 8 9 A B C D E F [ ] , |	←		id49_move_backward_13
id49_move_backward_13	0 1 2 3 4 5 6 7 8 9 A B C D E F [ ] , |	←		id49_move_backward_12
id49_move_backward_12	0 1 2 3 4 5 6 7 8 9 A B C D E F [ ] , |	←		id49_move_backward_11
id49_move_backward_11	0 1 2 3 4 5 6 7 8 9 A B C D E F [ ] , |	←		id49_move_backward_10
id49_move_backward_10	0 1 2 3 4 5 6 7 8 9 A B C D E F [ ] , |	←		id49_move_backward_9
id49_move_backward_9	0 1 2 3 4 5 6 7 8 9 A B C D E F [ ] , |	←		id49_move_backward_8
id49_move_backward_8	0 1 2 3 4 5 6 7 8 9 A B C D E F [ ] , |	←		id49_move_backward_7
id49_move_backward_7	0 1 2 3 4 5 6 7 8 9 A B C D E F [ ] , |	←		id49_move_backward_6
id49_move_backward_6	0 1 2 3 4 5 6 7 8 9 A B C D E F [ ] , |	←		id49_move_backward_5
id49_move_backward_5	0 1 2 3 4 5 6 7 8 9 A B C D E F [ ] , |	←		id49_move_backward_4
id49_move_backward_4	0 1 2 3 4 5 6 7 8 9 A B C D E F [ ] , |	←		id49_move_backward_3
id49_move_backward_3	0 1 2 3 4 5 6 7 8 9 A B C D E F [ ] , |	←		id49_move_backward_2
id49_move_backward_2	0 1 2 3 4 5 6 7 8 9 A B C D E F [ ] , |	←		id49_move_backward_1
id49_move_backward_1	0 1 2 3 4 5 6 7 8 9 A B C D E F [ ] , |	←		swap_loop_overwrite_A_with_B_0
swap_loop_overwrite_A_with_B_0	0 1 2 3 4 5 6 7 8 9 A B C D E F	→	0	swap_loop_check_for_separator
swap_loop_remember_A_and_overwrite_B_0	1	→	0	swap_loop_overwrote_B_remember_B_1
swap_loop_remember_A_and_overwrite_B_1	1	→	1	swap_loop_overwrote_B_remember_B_1
swap_loop_remember_A_and_overwrite_B_2	1	→	2	swap_loop_overwrote_B_remember_B_1
swap_loop_remember_A_and_overwrite_B_3	1	→	3	swap_loop_overwrote_B_remember_B_1
swap_loop_remember_A_and_overwrite_B_4	1	→	4	swap_loop_overwrote_B_remember_B_1
swap_loop_remember_A_and_overwrite_B_5	1	→	5	swap_loop_overwrote_B_remember_B_1
swap_loop_remember_A_and_overwrite_B_6	1	→	6	swap_loop_overwrote_B_remember_B_1
swap_loop_remember_A_and_overwrite_B_7	1	→	7	swap_loop_overwrote_B_remember_B_1
swap_loop_remember_A_and_overwrite_B_8	1	→	8	swap_loop_overwrote_B_remember_B_1
swap_loop_remember_A_and_overwrite_B_9	1	→	9	swap_loop_overwrote_B_remember_B_1
swap_loop_remember_A_and_overwrite_B_A	1	→	A	swap_loop_overwrote_B_remember_B_1
swap_loop_remember_A_and_overwrite_B_B	1	→	B	swap_loop_overwrote_B_remember_B_1
swap_loop_remember_A_and_overwrite_B_C	1	→	C	swap_loop_overwrote_B_remember_B_1
swap_loop_remember_A_and_overwrite_B_D	1	→	D	swap_loop_overwrote_B_remember_B_1
swap_loop_remember_A_and_overwrite_B_E	1	→	E	swap_loop_overwrote_B_remember_B_1
swap_loop_remember_A_and_overwrite_B_F	1	→	F	swap_loop_overwrote_B_remember_B_1
swap_loop_overwrote_B_remember_B_1	0 1 2 3 4 5 6 7 8 9 A B C D E F [ ] , |	←		id50_move_backward_17
id50_move_backward_17	0 1 2 3 4 5 6 7 8 9 A B C D E F [ ] , |	←		id50_move_backward_16
id50_move_backward_16	0 1 2 3 4 5 6 7 8 9 A B C D E F [ ] , |	←		id50_move_backward_15
id50_move_backward_15	0 1 2 3 4 5 6 7 8 9 A B C D E F [ ] , |	←		id50_move_backward_14
id50_move_backward_14	0 1 2 3 4 5 6 7 8 9 A B C D E F [ ] , |	←		id50_move_backward_13
id50_move_backward_13	0 1 2 3 4 5 6 7 8 9 A B C D E F [ ] , |	←		id50_move_backward_12
id50_move_backward_12	0 1 2 3 4 5 6 7 8 9 A B C D E F [ ] , |	←		id50_move_backward_11
id50_move_backward_11	0 1 2 3 4 5 6 7 8 9 A B C D E F [ ] , |	←		id50_move_backward_10
id50_move_backward_10	0 1 2 3 4 5 6 7 8 9 A B C D E F [ ] , |	←		id50_move_backward_9
id50_move_backward_9	0 1 2 3 4 5 6 7 8 9 A B C D E F [ ] , |	←		id50_move_backward_8
id50_move_backward_8	0 1 2 3 4 5 6 7 8 9 A B C D E F [ ] , |	←		id50_move_backward_7
id50_move_backward_7	0 1 2 3 4 5 6 7 8 9 A B C D E F [ ] , |	←		id50_move_backward_6
id50_move_backward_6	0 1 2 3 4 5 6 7 8 9 A B C D E F [ ] , |	←		id50_move_backward_5
id50_move_backward_5	0 1 2 3 4 5 6 7 8 9 A B C D E F [ ] , |	←		id50_move_backward_4
id50_move_backward_4	0 1 2 3 4 5 6 7 8 9 A B C D E F [ ] , |	←		id50_move_backward_3
id50_move_backward_3	0 1 2 3 4 5 6 7 8 9 A B C D E F [ ] , |	←		id50_move_backward_2
id50_move_backward_2	0 1 2 3 4 5 6 7 8 9 A B C D E F [ ] , |	←		id50_move_backward_1
id50_move_backward_1	0 1 2 3 4 5 6 7 8 9 A B C D E F [ ] , |	←		swap_loop_overwrite_A_with_B_1
swap_loop_overwrite_A_with_B_1	0 1 2 3 4 5 6 7 8 9 A B C D E F	→	1	swap_loop_check_for_separator
swap_loop_remember_A_and_overwrite_B_0	2	→	0	swap_loop_overwrote_B_remember_B_2
swap_loop_remember_A_and_overwrite_B_1	2	→	1	swap_loop_overwrote_B_remember_B_2
swap_loop_remember_A_and_overwrite_B_2	2	→	2	swap_loop_overwrote_B_remember_B_2
swap_loop_remember_A_and_overwrite_B_3	2	→	3	swap_loop_overwrote_B_remember_B_2
swap_loop_remember_A_and_overwrite_B_4	2	→	4	swap_loop_overwrote_B_remember_B_2
swap_loop_remember_A_and_overwrite_B_5	2	→	5	swap_loop_overwrote_B_remember_B_2
swap_loop_remember_A_and_overwrite_B_6	2	→	6	swap_loop_overwrote_B_remember_B_2
swap_loop_remember_A_and_overwrite_B_7	2	→	7	swap_loop_overwrote_B_remember_B_2
swap_loop_remember_A_and_overwrite_B_8	2	→	8	swap_loop_overwrote_B_remember_B_2
swap_loop_remember_A_and_overwrite_B_9	2	→	9	swap_loop_overwrote_B_remember_B_2
swap_loop_remember_A_and_overwrite_B_A	2	→	A	swap_loop_overwrote_B_remember_B_2
swap_loop_remember_A_and_overwrite_B_B	2	→	B	swap_loop_overwrote_B_remember_B_2
swap_loop_remember_A_and_overwrite_B_C	2	→	C	swap_loop_overwrote_B_remember_B_2
swap_loop_remember_A_and_overwrite_B_D	2	→	D	swap_loop_overwrote_B_remember_B_2
swap_loop_remember_A_and_overwrite_B_E	2	→	E	swap_loop_overwrote_B_remember_B_2
swap_loop_remember_A_and_overwrite_B_F	2	→	F	swap_loop_overwrote_B_remember_B_2
swap_loop_overwrote_B_remember_B_2	0 1 2 3 4 5 6 7 8 9 A B C D E F [ ] , |	←		id51_move_backward_17
id51_move_backward_17	0 1 2 3 4 5 6 7 8 9 A B C D E F [ ] , |	←		id51_move_backward_16
id51_move_backward_16	0 1 2 3 4 5 6 7 8 9 A B C D E F [ ] , |	←		id51_move_backward_15
id51_move_backward_15	0 1 2 3 4 5 6 7 8 9 A B C D E F [ ] , |	←		id51_move_backward_14
id51_move_backward_14	0 1 2 3 4 5 6 7 8 9 A B C D E F [ ] , |	←		id51_move_backward_13
id51_move_backward_13	0 1 2 3 4 5 6 7 8 9 A B C D E F [ ] , |	←		id51_move_backward_12
id51_move_backward_12	0 1 2 3 4 5 6 7 8 9 A B C D E F [ ] , |	←		id51_move_backward_11
id51_move_backward_11	0 1 2 3 4 5 6 7 8 9 A B C D E F [ ] , |	←		id51_move_backward_10
id51_move_backward_10	0 1 2 3 4 5 6 7 8 9 A B C D E F [ ] , |	←		id51_move_backward_9
id51_move_backward_9	0 1 2 3 4 5 6 7 8 9 A B C D E F [ ] , |	←		id51_move_backward_8
id51_move_backward_8	0 1 2 3 4 5 6 7 8 9 A B C D E F [ ] , |	←		id51_move_backward_7
id51_move_backward_7	0 1 2 3 4 5 6 7 8 9 A B C D E F [ ] , |	←		id51_move_backward_6
id51_move_backward_6	0 1 2 3 4 5 6 7 8 9 A B C D E F [ ] , |	←		id51_move_backward_5
id51_move_backward_5	0 1 2 3 4 5 6 7 8 9 A B C D E F [ ] , |	←		id51_move_backward_4
id51_move_backward_4	0 1 2 3 4 5 6 7 8 9 A B C D E F [ ] , |	←		id51_move_backward_3
id51_move_backward_3	0 1 2 3 4 5 6 7 8 9 A B C D E F [ ] , |	←		id51_move_backward_2
id51_move_backward_2	0 1 2 3 4 5 6 7 8 9 A B C D E F [ ] , |	←		id51_move_backward_1
id51_move_backward_1	0 1 2 3 4 5 6 7 8 9 A B C D E F [ ] , |	←		swap_loop_overwrite_A_with_B_2
swap_loop_overwrite_A_with_B_2	0 1 2 3 4 5 6 7 8 9 A B C D E F	→	2	swap_loop_check_for_separator
swap_loop_remember_A_and_overwrite_B_0	3	→	0	swap_loop_overwrote_B_remember_B_3
swap_loop_remember_A_and_overwrite_B_1	3	→	1	swap_loop_overwrote_B_remember_B_3
swap_loop_remember_A_and_overwrite_B_2	3	→	2	swap_loop_overwrote_B_remember_B_3
swap_loop_remember_A_and_overwrite_B_3	3	→	3	swap_loop_overwrote_B_remember_B_3
swap_loop_remember_A_and_overwrite_B_4	3	→	4	swap_loop_overwrote_B_remember_B_3
swap_loop_remember_A_and_overwrite_B_5	3	→	5	swap_loop_overwrote_B_remember_B_3
swap_loop_remember_A_and_overwrite_B_6	3	→	6	swap_loop_overwrote_B_remember_B_3
swap_loop_remember_A_and_overwrite_B_7	3	→	7	swap_loop_overwrote_B_remember_B_3
swap_loop_remember_A_and_overwrite_B_8	3	→	8	swap_loop_overwrote_B_remember_B_3
swap_loop_remember_A_and_overwrite_B_9	3	→	9	swap_loop_overwrote_B_remember_B_3
swap_loop_remember_A_and_overwrite_B_A	3	→	A	swap_loop_overwrote_B_remember_B_3
swap_loop_remember_A_and_overwrite_B_B	3	→	B	swap_loop_overwrote_B_remember_B_3
swap_loop_remember_A_and_overwrite_B_C	3	→	C	swap_loop_overwrote_B_remember_B_3
swap_loop_remember_A_and_overwrite_B_D	3	→	D	swap_loop_overwrote_B_remember_B_3
swap_loop_remember_A_and_overwrite_B_E	3	→	E	swap_loop_overwrote_B_remember_B_3
swap_loop_remember_A_and_overwrite_B_F	3	→	F	swap_loop_overwrote_B_remember_B_3
swap_loop_overwrote_B_remember_B_3	0 1 2 3 4 5 6 7 8 9 A B C D E F [ ] , |	←		id52_move_backward_17
id52_move_backward_17	0 1 2 3 4 5 6 7 8 9 A B C D E F [ ] , |	←		id52_move_backward_16
id52_move_backward_16	0 1 2 3 4 5 6 7 8 9 A B C D E F [ ] , |	←		id52_move_backward_15
id52_move_backward_15	0 1 2 3 4 5 6 7 8 9 A B C D E F [ ] , |	←		id52_move_backward_14
id52_move_backward_14	0 1 2 3 4 5 6 7 8 9 A B C D E F [ ] , |	←		id52_move_backward_13
id52_move_backward_13	0 1 2 3 4 5 6 7 8 9 A B C D E F [ ] , |	←		id52_move_backward_12
id52_move_backward_12	0 1 2 3 4 5 6 7 8 9 A B C D E F [ ] , |	←		id52_move_backward_11
id52_move_backward_11	0 1 2 3 4 5 6 7 8 9 A B C D E F [ ] , |	←		id52_move_backward_10
id52_move_backward_10	0 1 2 3 4 5 6 7 8 9 A B C D E F [ ] , |	←		id52_move_backward_9
id52_move_backward_9	0 1 2 3 4 5 6 7 8 9 A B C D E F [ ] , |	←		id52_move_backward_8
id52_move_backward_8	0 1 2 3 4 5 6 7 8 9 A B C D E F [ ] , |	←		id52_move_backward_7
id52_move_backward_7	0 1 2 3 4 5 6 7 8 9 A B C D E F [ ] , |	←		id52_move_backward_6
id52_move_backward_6	0 1 2 3 4 5 6 7 8 9 A B C D E F [ ] , |	←		id52_move_backward_5
id52_move_backward_5	0 1 2 3 4 5 6 7 8 9 A B C D E F [ ] , |	←		id52_move_backward_4
id52_move_backward_4	0 1 2 3 4 5 6 7 8 9 A B C D E F [ ] , |	←		id52_move_backward_3
id52_move_backward_3	0 1 2 3 4 5 6 7 8 9 A B C D E F [ ] , |	←		id52_move_backward_2
id52_move_backward_2	0 1 2 3 4 5 6 7 8 9 A B C D E F [ ] , |	←		id52_move_backward_1
id52_move_backward_1	0 1 2 3 4 5 6 7 8 9 A B C D E F [ ] , |	←		swap_loop_overwrite_A_with_B_3
swap_loop_overwrite_A_with_B_3	0 1 2 3 4 5 6 7 8 9 A B C D E F	→	3	swap_loop_check_for_separator
swap_loop_remember_A_and_overwrite_B_0	4	→	0	swap_loop_overwrote_B_remember_B_4
swap_loop_remember_A_and_overwrite_B_1	4	→	1	swap_loop_overwrote_B_remember_B_4
swap_loop_remember_A_and_overwrite_B_2	4	→	2	swap_loop_overwrote_B_remember_B_4
swap_loop_remember_A_and_overwrite_B_3	4	→	3	swap_loop_overwrote_B_remember_B_4
swap_loop_remember_A_and_overwrite_B_4	4	→	4	swap_loop_overwrote_B_remember_B_4
swap_loop_remember_A_and_overwrite_B_5	4	→	5	swap_loop_overwrote_B_remember_B_4
swap_loop_remember_A_and_overwrite_B_6	4	→	6	swap_loop_overwrote_B_remember_B_4
swap_loop_remember_A_and_overwrite_B_7	4	→	7	swap_loop_overwrote_B_remember_B_4
swap_loop_remember_A_and_overwrite_B_8	4	→	8	swap_loop_overwrote_B_remember_B_4
swap_loop_remember_A_and_overwrite_B_9	4	→	9	swap_loop_overwrote_B_remember_B_4
swap_loop_remember_A_and_overwrite_B_A	4	→	A	swap_loop_overwrote_B_remember_B_4
swap_loop_remember_A_and_overwrite_B_B	4	→	B	swap_loop_overwrote_B_remember_B_4
swap_loop_remember_A_and_overwrite_B_C	4	→	C	swap_loop_overwrote_B_remember_B_4
swap_loop_remember_A_and_overwrite_B_D	4	→	D	swap_loop_overwrote_B_remember_B_4
swap_loop_remember_A_and_overwrite_B_E	4	→	E	swap_loop_overwrote_B_remember_B_4
swap_loop_remember_A_and_overwrite_B_F	4	→	F	swap_loop_overwrote_B_remember_B_4
swap_loop_overwrote_B_remember_B_4	0 1 2 3 4 5 6 7 8 9 A B C D E F [ ] , |	←		id53_move_backward_17
id53_move_backward_17	0 1 2 3 4 5 6 7 8 9 A B C D E F [ ] , |	←		id53_move_backward_16
id53_move_backward_16	0 1 2 3 4 5 6 7 8 9 A B C D E F [ ] , |	←		id53_move_backward_15
id53_move_backward_15	0 1 2 3 4 5 6 7 8 9 A B C D E F [ ] , |	←		id53_move_backward_14
id53_move_backward_14	0 1 2 3 4 5 6 7 8 9 A B C D E F [ ] , |	←		id53_move_backward_13
id53_move_backward_13	0 1 2 3 4 5 6 7 8 9 A B C D E F [ ] , |	←		id53_move_backward_12
id53_move_backward_12	0 1 2 3 4 5 6 7 8 9 A B C D E F [ ] , |	←		id53_move_backward_11
id53_move_backward_11	0 1 2 3 4 5 6 7 8 9 A B C D E F [ ] , |	←		id53_move_backward_10
id53_move_backward_10	0 1 2 3 4 5 6 7 8 9 A B C D E F [ ] , |	←		id53_move_backward_9
id53_move_backward_9	0 1 2 3 4 5 6 7 8 9 A B C D E F [ ] , |	←		id53_move_backward_8
id53_move_backward_8	0 1 2 3 4 5 6 7 8 9 A B C D E F [ ] , |	←		id53_move_backward_7
id53_move_backward_7	0 1 2 3 4 5 6 7 8 9 A B C D E F [ ] , |	←		id53_move_backward_6
id53_move_backward_6	0 1 2 3 4 5 6 7 8 9 A B C D E F [ ] , |	←		id53_move_backward_5
id53_move_backward_5	0 1 2 3 4 5 6 7 8 9 A B C D E F [ ] , |	←		id53_move_backward_4
id53_move_backward_4	0 1 2 3 4 5 6 7 8 9 A B C D E F [ ] , |	←		id53_move_backward_3
id53_move_backward_3	0 1 2 3 4 5 6 7 8 9 A B C D E F [ ] , |	←		id53_move_backward_2
id53_move_backward_2	0 1 2 3 4 5 6 7 8 9 A B C D E F [ ] , |	←		id53_move_backward_1
id53_move_backward_1	0 1 2 3 4 5 6 7 8 9 A B C D E F [ ] , |	←		swap_loop_overwrite_A_with_B_4
swap_loop_overwrite_A_with_B_4	0 1 2 3 4 5 6 7 8 9 A B C D E F	→	4	swap_loop_check_for_separator
swap_loop_remember_A_and_overwrite_B_0	5	→	0	swap_loop_overwrote_B_remember_B_5
swap_loop_remember_A_and_overwrite_B_1	5	→	1	swap_loop_overwrote_B_remember_B_5
swap_loop_remember_A_and_overwrite_B_2	5	→	2	swap_loop_overwrote_B_remember_B_5
swap_loop_remember_A_and_overwrite_B_3	5	→	3	swap_loop_overwrote_B_remember_B_5
swap_loop_remember_A_and_overwrite_B_4	5	→	4	swap_loop_overwrote_B_remember_B_5
swap_loop_remember_A_and_overwrite_B_5	5	→	5	swap_loop_overwrote_B_remember_B_5
swap_loop_remember_A_and_overwrite_B_6	5	→	6	swap_loop_overwrote_B_remember_B_5
swap_loop_remember_A_and_overwrite_B_7	5	→	7	swap_loop_overwrote_B_remember_B_5
swap_loop_remember_A_and_overwrite_B_8	5	→	8	swap_loop_overwrote_B_remember_B_5
swap_loop_remember_A_and_overwrite_B_9	5	→	9	swap_loop_overwrote_B_remember_B_5
swap_loop_remember_A_and_overwrite_B_A	5	→	A	swap_loop_overwrote_B_remember_B_5
swap_loop_remember_A_and_overwrite_B_B	5	→	B	swap_loop_overwrote_B_remember_B_5
swap_loop_remember_A_and_overwrite_B_C	5	→	C	swap_loop_overwrote_B_remember_B_5
swap_loop_remember_A_and_overwrite_B_D	5	→	D	swap_loop_overwrote_B_remember_B_5
swap_loop_remember_A_and_overwrite_B_E	5	→	E	swap_loop_overwrote_B_remember_B_5
swap_loop_remember_A_and_overwrite_B_F	5	→	F	swap_loop_overwrote_B_remember_B_5
swap_loop_overwrote_B_remember_B_5	0 1 2 3 4 5 6 7 8 9 A B C D E F [ ] , |	←		id54_move_backward_17
id54_move_backward_17	0 1 2 3 4 5 6 7 8 9 A B C D E F [ ] , |	←		id54_move_backward_16
id54_move_backward_16	0 1 2 3 4 5 6 7 8 9 A B C D E F [ ] , |	←		id54_move_backward_15
id54_move_backward_15	0 1 2 3 4 5 6 7 8 9 A B C D E F [ ] , |	←		id54_move_backward_14
id54_move_backward_14	0 1 2 3 4 5 6 7 8 9 A B C D E F [ ] , |	←		id54_move_backward_13
id54_move_backward_13	0 1 2 3 4 5 6 7 8 9 A B C D E F [ ] , |	←		id54_move_backward_12
id54_move_backward_12	0 1 2 3 4 5 6 7 8 9 A B C D E F [ ] , |	←		id54_move_backward_11
id54_move_backward_11	0 1 2 3 4 5 6 7 8 9 A B C D E F [ ] , |	←		id54_move_backward_10
id54_move_backward_10	0 1 2 3 4 5 6 7 8 9 A B C D E F [ ] , |	←		id54_move_backward_9
id54_move_backward_9	0 1 2 3 4 5 6 7 8 9 A B C D E F [ ] , |	←		id54_move_backward_8
id54_move_backward_8	0 1 2 3 4 5 6 7 8 9 A B C D E F [ ] , |	←		id54_move_backward_7
id54_move_backward_7	0 1 2 3 4 5 6 7 8 9 A B C D E F [ ] , |	←		id54_move_backward_6
id54_move_backward_6	0 1 2 3 4 5 6 7 8 9 A B C D E F [ ] , |	←		id54_move_backward_5
id54_move_backward_5	0 1 2 3 4 5 6 7 8 9 A B C D E F [ ] , |	←		id54_move_backward_4
id54_move_backward_4	0 1 2 3 4 5 6 7 8 9 A B C D E F [ ] , |	←		id54_move_backward_3
id54_move_backward_3	0 1 2 3 4 5 6 7 8 9 A B C D E F [ ] , |	←		id54_move_backward_2
id54_move_backward_2	0 1 2 3 4 5 6 7 8 9 A B C D E F [ ] , |	←		id54_move_backward_1
id54_move_backward_1	0 1 2 3 4 5 6 7 8 9 A B C D E F [ ] , |	←		swap_loop_overwrite_A_with_B_5
swap_loop_overwrite_A_with_B_5	0 1 2 3 4 5 6 7 8 9 A B C D E F	→	5	swap_loop_check_for_separator
swap_loop_remember_A_and_overwrite_B_0	6	→	0	swap_loop_overwrote_B_remember_B_6
swap_loop_remember_A_and_overwrite_B_1	6	→	1	swap_loop_overwrote_B_remember_B_6
swap_loop_remember_A_and_overwrite_B_2	6	→	2	swap_loop_overwrote_B_remember_B_6
swap_loop_remember_A_and_overwrite_B_3	6	→	3	swap_loop_overwrote_B_remember_B_6
swap_loop_remember_A_and_overwrite_B_4	6	→	4	swap_loop_overwrote_B_remember_B_6
swap_loop_remember_A_and_overwrite_B_5	6	→	5	swap_loop_overwrote_B_remember_B_6
swap_loop_remember_A_and_overwrite_B_6	6	→	6	swap_loop_overwrote_B_remember_B_6
swap_loop_remember_A_and_overwrite_B_7	6	→	7	swap_loop_overwrote_B_remember_B_6
swap_loop_remember_A_and_overwrite_B_8	6	→	8	swap_loop_overwrote_B_remember_B_6
swap_loop_remember_A_and_overwrite_B_9	6	→	9	swap_loop_overwrote_B_remember_B_6
swap_loop_remember_A_and_overwrite_B_A	6	→	A	swap_loop_overwrote_B_remember_B_6
swap_loop_remember_A_and_overwrite_B_B	6	→	B	swap_loop_overwrote_B_remember_B_6
swap_loop_remember_A_and_overwrite_B_C	6	→	C	swap_loop_overwrote_B_remember_B_6
swap_loop_remember_A_and_overwrite_B_D	6	→	D	swap_loop_overwrote_B_remember_B_6
swap_loop_remember_A_and_overwrite_B_E	6	→	E	swap_loop_overwrote_B_remember_B_6
swap_loop_remember_A_and_overwrite_B_F	6	→	F	swap_loop_overwrote_B_remember_B_6
swap_loop_overwrote_B_remember_B_6	0 1 2 3 4 5 6 7 8 9 A B C D E F [ ] , |	←		id55_move_backward_17
id55_move_backward_17	0 1 2 3 4 5 6 7 8 9 A B C D E F [ ] , |	←		id55_move_backward_16
id55_move_backward_16	0 1 2 3 4 5 6 7 8 9 A B C D E F [ ] , |	←		id55_move_backward_15
id55_move_backward_15	0 1 2 3 4 5 6 7 8 9 A B C D E F [ ] , |	←		id55_move_backward_14
id55_move_backward_14	0 1 2 3 4 5 6 7 8 9 A B C D E F [ ] , |	←		id55_move_backward_13
id55_move_backward_13	0 1 2 3 4 5 6 7 8 9 A B C D E F [ ] , |	←		id55_move_backward_12
id55_move_backward_12	0 1 2 3 4 5 6 7 8 9 A B C D E F [ ] , |	←		id55_move_backward_11
id55_move_backward_11	0 1 2 3 4 5 6 7 8 9 A B C D E F [ ] , |	←		id55_move_backward_10
id55_move_backward_10	0 1 2 3 4 5 6 7 8 9 A B C D E F [ ] , |	←		id55_move_backward_9
id55_move_backward_9	0 1 2 3 4 5 6 7 8 9 A B C D E F [ ] , |	←		id55_move_backward_8
id55_move_backward_8	0 1 2 3 4 5 6 7 8 9 A B C D E F [ ] , |	←		id55_move_backward_7
id55_move_backward_7	0 1 2 3 4 5 6 7 8 9 A B C D E F [ ] , |	←		id55_move_backward_6
id55_move_backward_6	0 1 2 3 4 5 6 7 8 9 A B C D E F [ ] , |	←		id55_move_backward_5
id55_move_backward_5	0 1 2 3 4 5 6 7 8 9 A B C D E F [ ] , |	←		id55_move_backward_4
id55_move_backward_4	0 1 2 3 4 5 6 7 8 9 A B C D E F [ ] , |	←		id55_move_backward_3
id55_move_backward_3	0 1 2 3 4 5 6 7 8 9 A B C D E F [ ] , |	←		id55_move_backward_2
id55_move_backward_2	0 1 2 3 4 5 6 7 8 9 A B C D E F [ ] , |	←		id55_move_backward_1
id55_move_backward_1	0 1 2 3 4 5 6 7 8 9 A B C D E F [ ] , |	←		swap_loop_overwrite_A_with_B_6
swap_loop_overwrite_A_with_B_6	0 1 2 3 4 5 6 7 8 9 A B C D E F	→	6	swap_loop_check_for_separator
swap_loop_remember_A_and_overwrite_B_0	7	→	0	swap_loop_overwrote_B_remember_B_7
swap_loop_remember_A_and_overwrite_B_1	7	→	1	swap_loop_overwrote_B_remember_B_7
swap_loop_remember_A_and_overwrite_B_2	7	→	2	swap_loop_overwrote_B_remember_B_7
swap_loop_remember_A_and_overwrite_B_3	7	→	3	swap_loop_overwrote_B_remember_B_7
swap_loop_remember_A_and_overwrite_B_4	7	→	4	swap_loop_overwrote_B_remember_B_7
swap_loop_remember_A_and_overwrite_B_5	7	→	5	swap_loop_overwrote_B_remember_B_7
swap_loop_remember_A_and_overwrite_B_6	7	→	6	swap_loop_overwrote_B_remember_B_7
swap_loop_remember_A_and_overwrite_B_7	7	→	7	swap_loop_overwrote_B_remember_B_7
swap_loop_remember_A_and_overwrite_B_8	7	→	8	swap_loop_overwrote_B_remember_B_7
swap_loop_remember_A_and_overwrite_B_9	7	→	9	swap_loop_overwrote_B_remember_B_7
swap_loop_remember_A_and_overwrite_B_A	7	→	A	swap_loop_overwrote_B_remember_B_7
swap_loop_remember_A_and_overwrite_B_B	7	→	B	swap_loop_overwrote_B_remember_B_7
swap_loop_remember_A_and_overwrite_B_C	7	→	C	swap_loop_overwrote_B_remember_B_7
swap_loop_remember_A_and_overwrite_B_D	7	→	D	swap_loop_overwrote_B_remember_B_7
swap_loop_remember_A_and_overwrite_B_E	7	→	E	swap_loop_overwrote_B_remember_B_7
swap_loop_remember_A_and_overwrite_B_F	7	→	F	swap_loop_overwrote_B_remember_B_7
swap_loop_overwrote_B_remember_B_7	0 1 2 3 4 5 6 7 8 9 A B C D E F [ ] , |	←		id56_move_backward_17
id56_move_backward_17	0 1 2 3 4 5 6 7 8 9 A B C D E F [ ] , |	←		id56_move_backward_16
id56_move_backward_16	0 1 2 3 4 5 6 7 8 9 A B C D E F [ ] , |	←		id56_move_backward_15
id56_move_backward_15	0 1 2 3 4 5 6 7 8 9 A B C D E F [ ] , |	←		id56_move_backward_14
id56_move_backward_14	0 1 2 3 4 5 6 7 8 9 A B C D E F [ ] , |	←		id56_move_backward_13
id56_move_backward_13	0 1 2 3 4 5 6 7 8 9 A B C D E F [ ] , |	←		id56_move_backward_12
id56_move_backward_12	0 1 2 3 4 5 6 7 8 9 A B C D E F [ ] , |	←		id56_move_backward_11
id56_move_backward_11	0 1 2 3 4 5 6 7 8 9 A B C D E F [ ] , |	←		id56_move_backward_10
id56_move_backward_10	0 1 2 3 4 5 6 7 8 9 A B C D E F [ ] , |	←		id56_move_backward_9
id56_move_backward_9	0 1 2 3 4 5 6 7 8 9 A B C D E F [ ] , |	←		id56_move_backward_8
id56_move_backward_8	0 1 2 3 4 5 6 7 8 9 A B C D E F [ ] , |	←		id56_move_backward_7
id56_move_backward_7	0 1 2 3 4 5 6 7 8 9 A B C D E F [ ] , |	←		id56_move_backward_6
id56_move_backward_6	0 1 2 3 4 5 6 7 8 9 A B C D E F [ ] , |	←		id56_move_backward_5
id56_move_backward_5	0 1 2 3 4 5 6 7 8 9 A B C D E F [ ] , |	←		id56_move_backward_4
id56_move_backward_4	0 1 2 3 4 5 6 7 8 9 A B C D E F [ ] , |	←		id56_move_backward_3
id56_move_backward_3	0 1 2 3 4 5 6 7 8 9 A B C D E F [ ] , |	←		id56_move_backward_2
id56_move_backward_2	0 1 2 3 4 5 6 7 8 9 A B C D E F [ ] , |	←		id56_move_backward_1
id56_move_backward_1	0 1 2 3 4 5 6 7 8 9 A B C D E F [ ] , |	←		swap_loop_overwrite_A_with_B_7
swap_loop_overwrite_A_with_B_7	0 1 2 3 4 5 6 7 8 9 A B C D E F	→	7	swap_loop_check_for_separator
swap_loop_remember_A_and_overwrite_B_0	8	→	0	swap_loop_overwrote_B_remember_B_8
swap_loop_remember_A_and_overwrite_B_1	8	→	1	swap_loop_overwrote_B_remember_B_8
swap_loop_remember_A_and_overwrite_B_2	8	→	2	swap_loop_overwrote_B_remember_B_8
swap_loop_remember_A_and_overwrite_B_3	8	→	3	swap_loop_overwrote_B_remember_B_8
swap_loop_remember_A_and_overwrite_B_4	8	→	4	swap_loop_overwrote_B_remember_B_8
swap_loop_remember_A_and_overwrite_B_5	8	→	5	swap_loop_overwrote_B_remember_B_8
swap_loop_remember_A_and_overwrite_B_6	8	→	6	swap_loop_overwrote_B_remember_B_8
swap_loop_remember_A_and_overwrite_B_7	8	→	7	swap_loop_overwrote_B_remember_B_8
swap_loop_remember_A_and_overwrite_B_8	8	→	8	swap_loop_overwrote_B_remember_B_8
swap_loop_remember_A_and_overwrite_B_9	8	→	9	swap_loop_overwrote_B_remember_B_8
swap_loop_remember_A_and_overwrite_B_A	8	→	A	swap_loop_overwrote_B_remember_B_8
swap_loop_remember_A_and_overwrite_B_B	8	→	B	swap_loop_overwrote_B_remember_B_8
swap_loop_remember_A_and_overwrite_B_C	8	→	C	swap_loop_overwrote_B_remember_B_8
swap_loop_remember_A_and_overwrite_B_D	8	→	D	swap_loop_overwrote_B_remember_B_8
swap_loop_remember_A_and_overwrite_B_E	8	→	E	swap_loop_overwrote_B_remember_B_8
swap_loop_remember_A_and_overwrite_B_F	8	→	F	swap_loop_overwrote_B_remember_B_8
swap_loop_overwrote_B_remember_B_8	0 1 2 3 4 5 6 7 8 9 A B C D E F [ ] , |	←		id57_move_backward_17
id57_move_backward_17	0 1 2 3 4 5 6 7 8 9 A B C D E F [ ] , |	←		id57_move_backward_16
id57_move_backward_16	0 1 2 3 4 5 6 7 8 9 A B C D E F [ ] , |	←		id57_move_backward_15
id57_move_backward_15	0 1 2 3 4 5 6 7 8 9 A B C D E F [ ] , |	←		id57_move_backward_14
id57_move_backward_14	0 1 2 3 4 5 6 7 8 9 A B C D E F [ ] , |	←		id57_move_backward_13
id57_move_backward_13	0 1 2 3 4 5 6 7 8 9 A B C D E F [ ] , |	←		id57_move_backward_12
id57_move_backward_12	0 1 2 3 4 5 6 7 8 9 A B C D E F [ ] , |	←		id57_move_backward_11
id57_move_backward_11	0 1 2 3 4 5 6 7 8 9 A B C D E F [ ] , |	←		id57_move_backward_10
id57_move_backward_10	0 1 2 3 4 5 6 7 8 9 A B C D E F [ ] , |	←		id57_move_backward_9
id57_move_backward_9	0 1 2 3 4 5 6 7 8 9 A B C D E F [ ] , |	←		id57_move_backward_8
id57_move_backward_8	0 1 2 3 4 5 6 7 8 9 A B C D E F [ ] , |	←		id57_move_backward_7
id57_move_backward_7	0 1 2 3 4 5 6 7 8 9 A B C D E F [ ] , |	←		id57_move_backward_6
id57_move_backward_6	0 1 2 3 4 5 6 7 8 9 A B C D E F [ ] , |	←		id57_move_backward_5
id57_move_backward_5	0 1 2 3 4 5 6 7 8 9 A B C D E F [ ] , |	←		id57_move_backward_4
id57_move_backward_4	0 1 2 3 4 5 6 7 8 9 A B C D E F [ ] , |	←		id57_move_backward_3
id57_move_backward_3	0 1 2 3 4 5 6 7 8 9 A B C D E F [ ] , |	←		id57_move_backward_2
id57_move_backward_2	0 1 2 3 4 5 6 7 8 9 A B C D E F [ ] , |	←		id57_move_backward_1
id57_move_backward_1	0 1 2 3 4 5 6 7 8 9 A B C D E F [ ] , |	←		swap_loop_overwrite_A_with_B_8
swap_loop_overwrite_A_with_B_8	0 1 2 3 4 5 6 7 8 9 A B C D E F	→	8	swap_loop_check_for_separator
swap_loop_remember_A_and_overwrite_B_0	9	→	0	swap_loop_overwrote_B_remember_B_9
swap_loop_remember_A_and_overwrite_B_1	9	→	1	swap_loop_overwrote_B_remember_B_9
swap_loop_remember_A_and_overwrite_B_2	9	→	2	swap_loop_overwrote_B_remember_B_9
swap_loop_remember_A_and_overwrite_B_3	9	→	3	swap_loop_overwrote_B_remember_B_9
swap_loop_remember_A_and_overwrite_B_4	9	→	4	swap_loop_overwrote_B_remember_B_9
swap_loop_remember_A_and_overwrite_B_5	9	→	5	swap_loop_overwrote_B_remember_B_9
swap_loop_remember_A_and_overwrite_B_6	9	→	6	swap_loop_overwrote_B_remember_B_9
swap_loop_remember_A_and_overwrite_B_7	9	→	7	swap_loop_overwrote_B_remember_B_9
swap_loop_remember_A_and_overwrite_B_8	9	→	8	swap_loop_overwrote_B_remember_B_9
swap_loop_remember_A_and_overwrite_B_9	9	→	9	swap_loop_overwrote_B_remember_B_9
swap_loop_remember_A_and_overwrite_B_A	9	→	A	swap_loop_overwrote_B_remember_B_9
swap_loop_remember_A_and_overwrite_B_B	9	→	B	swap_loop_overwrote_B_remember_B_9
swap_loop_remember_A_and_overwrite_B_C	9	→	C	swap_loop_overwrote_B_remember_B_9
swap_loop_remember_A_and_overwrite_B_D	9	→	D	swap_loop_overwrote_B_remember_B_9
swap_loop_remember_A_and_overwrite_B_E	9	→	E	swap_loop_overwrote_B_remember_B_9
swap_loop_remember_A_and_overwrite_B_F	9	→	F	swap_loop_overwrote_B_remember_B_9
swap_loop_overwrote_B_remember_B_9	0 1 2 3 4 5 6 7 8 9 A B C D E F [ ] , |	←		id58_move_backward_17
id58_move_backward_17	0 1 2 3 4 5 6 7 8 9 A B C D E F [ ] , |	←		id58_move_backward_16
id58_move_backward_16	0 1 2 3 4 5 6 7 8 9 A B C D E F [ ] , |	←		id58_move_backward_15
id58_move_backward_15	0 1 2 3 4 5 6 7 8 9 A B C D E F [ ] , |	←		id58_move_backward_14
id58_move_backward_14	0 1 2 3 4 5 6 7 8 9 A B C D E F [ ] , |	←		id58_move_backward_13
id58_move_backward_13	0 1 2 3 4 5 6 7 8 9 A B C D E F [ ] , |	←		id58_move_backward_12
id58_move_backward_12	0 1 2 3 4 5 6 7 8 9 A B C D E F [ ] , |	←		id58_move_backward_11
id58_move_backward_11	0 1 2 3 4 5 6 7 8 9 A B C D E F [ ] , |	←		id58_move_backward_10
id58_move_backward_10	0 1 2 3 4 5 6 7 8 9 A B C D E F [ ] , |	←		id58_move_backward_9
id58_move_backward_9	0 1 2 3 4 5 6 7 8 9 A B C D E F [ ] , |	←		id58_move_backward_8
id58_move_backward_8	0 1 2 3 4 5 6 7 8 9 A B C D E F [ ] , |	←		id58_move_backward_7
id58_move_backward_7	0 1 2 3 4 5 6 7 8 9 A B C D E F [ ] , |	←		id58_move_backward_6
id58_move_backward_6	0 1 2 3 4 5 6 7 8 9 A B C D E F [ ] , |	←		id58_move_backward_5
id58_move_backward_5	0 1 2 3 4 5 6 7 8 9 A B C D E F [ ] , |	←		id58_move_backward_4
id58_move_backward_4	0 1 2 3 4 5 6 7 8 9 A B C D E F [ ] , |	←		id58_move_backward_3
id58_move_backward_3	0 1 2 3 4 5 6 7 8 9 A B C D E F [ ] , |	←		id58_move_backward_2
id58_move_backward_2	0 1 2 3 4 5 6 7 8 9 A B C D E F [ ] , |	←		id58_move_backward_1
id58_move_backward_1	0 1 2 3 4 5 6 7 8 9 A B C D E F [ ] , |	←		swap_loop_overwrite_A_with_B_9
swap_loop_overwrite_A_with_B_9	0 1 2 3 4 5 6 7 8 9 A B C D E F	→	9	swap_loop_check_for_separator
swap_loop_remember_A_and_overwrite_B_0	A	→	0	swap_loop_overwrote_B_remember_B_A
swap_loop_remember_A_and_overwrite_B_1	A	→	1	swap_loop_overwrote_B_remember_B_A
swap_loop_remember_A_and_overwrite_B_2	A	→	2	swap_loop_overwrote_B_remember_B_A
swap_loop_remember_A_and_overwrite_B_3	A	→	3	swap_loop_overwrote_B_remember_B_A
swap_loop_remember_A_and_overwrite_B_4	A	→	4	swap_loop_overwrote_B_remember_B_A
swap_loop_remember_A_and_overwrite_B_5	A	→	5	swap_loop_overwrote_B_remember_B_A
swap_loop_remember_A_and_overwrite_B_6	A	→	6	swap_loop_overwrote_B_remember_B_A
swap_loop_remember_A_and_overwrite_B_7	A	→	7	swap_loop_overwrote_B_remember_B_A
swap_loop_remember_A_and_overwrite_B_8	A	→	8	swap_loop_overwrote_B_remember_B_A
swap_loop_remember_A_and_overwrite_B_9	A	→	9	swap_loop_overwrote_B_remember_B_A
swap_loop_remember_A_and_overwrite_B_A	A	→	A	swap_loop_overwrote_B_remember_B_A
swap_loop_remember_A_and_overwrite_B_B	A	→	B	swap_loop_overwrote_B_remember_B_A
swap_loop_remember_A_and_overwrite_B_C	A	→	C	swap_loop_overwrote_B_remember_B_A
swap_loop_remember_A_and_overwrite_B_D	A	→	D	swap_loop_overwrote_B_remember_B_A
swap_loop_remember_A_and_overwrite_B_E	A	→	E	swap_loop_overwrote_B_remember_B_A
swap_loop_remember_A_and_overwrite_B_F	A	→	F	swap_loop_overwrote_B_remember_B_A
swap_loop_overwrote_B_remember_B_A	0 1 2 3 4 5 6 7 8 9 A B C D E F [ ] , |	←		id59_move_backward_17
id59_move_backward_17	0 1 2 3 4 5 6 7 8 9 A B C D E F [ ] , |	←		id59_move_backward_16
id59_move_backward_16	0 1 2 3 4 5 6 7 8 9 A B C D E F [ ] , |	←		id59_move_backward_15
id59_move_backward_15	0 1 2 3 4 5 6 7 8 9 A B C D E F [ ] , |	←		id59_move_backward_14
id59_move_backward_14	0 1 2 3 4 5 6 7 8 9 A B C D E F [ ] , |	←		id59_move_backward_13
id59_move_backward_13	0 1 2 3 4 5 6 7 8 9 A B C D E F [ ] , |	←		id59_move_backward_12
id59_move_backward_12	0 1 2 3 4 5 6 7 8 9 A B C D E F [ ] , |	←		id59_move_backward_11
id59_move_backward_11	0 1 2 3 4 5 6 7 8 9 A B C D E F [ ] , |	←		id59_move_backward_10
id59_move_backward_10	0 1 2 3 4 5 6 7 8 9 A B C D E F [ ] , |	←		id59_move_backward_9
id59_move_backward_9	0 1 2 3 4 5 6 7 8 9 A B C D E F [ ] , |	←		id59_move_backward_8
id59_move_backward_8	0 1 2 3 4 5 6 7 8 9 A B C D E F [ ] , |	←		id59_move_backward_7
id59_move_backward_7	0 1 2 3 4 5 6 7 8 9 A B C D E F [ ] , |	←		id59_move_backward_6
id59_move_backward_6	0 1 2 3 4 5 6 7 8 9 A B C D E F [ ] , |	←		id59_move_backward_5
id59_move_backward_5	0 1 2 3 4 5 6 7 8 9 A B C D E F [ ] , |	←		id59_move_backward_4
id59_move_backward_4	0 1 2 3 4 5 6 7 8 9 A B C D E F [ ] , |	←		id59_move_backward_3
id59_move_backward_3	0 1 2 3 4 5 6 7 8 9 A B C D E F [ ] , |	←		id59_move_backward_2
id59_move_backward_2	0 1 2 3 4 5 6 7 8 9 A B C D E F [ ] , |	←		id59_move_backward_1
id59_move_backward_1	0 1 2 3 4 5 6 7 8 9 A B C D E F [ ] , |	←		swap_loop_overwrite_A_with_B_A
swap_loop_overwrite_A_with_B_A	0 1 2 3 4 5 6 7 8 9 A B C D E F	→	A	swap_loop_check_for_separator
swap_loop_remember_A_and_overwrite_B_0	B	→	0	swap_loop_overwrote_B_remember_B_B
swap_loop_remember_A_and_overwrite_B_1	B	→	1	swap_loop_overwrote_B_remember_B_B
swap_loop_remember_A_and_overwrite_B_2	B	→	2	swap_loop_overwrote_B_remember_B_B
swap_loop_remember_A_and_overwrite_B_3	B	→	3	swap_loop_overwrote_B_remember_B_B
swap_loop_remember_A_and_overwrite_B_4	B	→	4	swap_loop_overwrote_B_remember_B_B
swap_loop_remember_A_and_overwrite_B_5	B	→	5	swap_loop_overwrote_B_remember_B_B
swap_loop_remember_A_and_overwrite_B_6	B	→	6	swap_loop_overwrote_B_remember_B_B
swap_loop_remember_A_and_overwrite_B_7	B	→	7	swap_loop_overwrote_B_remember_B_B
swap_loop_remember_A_and_overwrite_B_8	B	→	8	swap_loop_overwrote_B_remember_B_B
swap_loop_remember_A_and_overwrite_B_9	B	→	9	swap_loop_overwrote_B_remember_B_B
swap_loop_remember_A_and_overwrite_B_A	B	→	A	swap_loop_overwrote_B_remember_B_B
swap_loop_remember_A_and_overwrite_B_B	B	→	B	swap_loop_overwrote_B_remember_B_B
swap_loop_remember_A_and_overwrite_B_C	B	→	C	swap_loop_overwrote_B_remember_B_B
swap_loop_remember_A_and_overwrite_B_D	B	→	D	swap_loop_overwrote_B_remember_B_B
swap_loop_remember_A_and_overwrite_B_E	B	→	E	swap_loop_overwrote_B_remember_B_B
swap_loop_remember_A_and_overwrite_B_F	B	→	F	swap_loop_overwrote_B_remember_B_B
swap_loop_overwrote_B_remember_B_B	0 1 2 3 4 5 6 7 8 9 A B C D E F [ ] , |	←		id60_move_backward_17
id60_move_backward_17	0 1 2 3 4 5 6 7 8 9 A B C D E F [ ] , |	←		id60_move_backward_16
id60_move_backward_16	0 1 2 3 4 5 6 7 8 9 A B C D E F [ ] , |	←		id60_move_backward_15
id60_move_backward_15	0 1 2 3 4 5 6 7 8 9 A B C D E F [ ] , |	←		id60_move_backward_14
id60_move_backward_14	0 1 2 3 4 5 6 7 8 9 A B C D E F [ ] , |	←		id60_move_backward_13
id60_move_backward_13	0 1 2 3 4 5 6 7 8 9 A B C D E F [ ] , |	←		id60_move_backward_12
id60_move_backward_12	0 1 2 3 4 5 6 7 8 9 A B C D E F [ ] , |	←		id60_move_backward_11
id60_move_backward_11	0 1 2 3 4 5 6 7 8 9 A B C D E F [ ] , |	←		id60_move_backward_10
id60_move_backward_10	0 1 2 3 4 5 6 7 8 9 A B C D E F [ ] , |	←		id60_move_backward_9
id60_move_backward_9	0 1 2 3 4 5 6 7 8 9 A B C D E F [ ] , |	←		id60_move_backward_8
id60_move_backward_8	0 1 2 3 4 5 6 7 8 9 A B C D E F [ ] , |	←		id60_move_backward_7
id60_move_backward_7	0 1 2 3 4 5 6 7 8 9 A B C D E F [ ] , |	←		id60_move_backward_6
id60_move_backward_6	0 1 2 3 4 5 6 7 8 9 A B C D E F [ ] , |	←		id60_move_backward_5
id60_move_backward_5	0 1 2 3 4 5 6 7 8 9 A B C D E F [ ] , |	←		id60_move_backward_4
id60_move_backward_4	0 1 2 3 4 5 6 7 8 9 A B C D E F [ ] , |	←		id60_move_backward_3
id60_move_backward_3	0 1 2 3 4 5 6 7 8 9 A B C D E F [ ] , |	←		id60_move_backward_2
id60_move_backward_2	0 1 2 3 4 5 6 7 8 9 A B C D E F [ ] , |	←		id60_move_backward_1
id60_move_backward_1	0 1 2 3 4 5 6 7 8 9 A B C D E F [ ] , |	←		swap_loop_overwrite_A_with_B_B
swap_loop_overwrite_A_with_B_B	0 1 2 3 4 5 6 7 8 9 A B C D E F	→	B	swap_loop_check_for_separator
swap_loop_remember_A_and_overwrite_B_0	C	→	0	swap_loop_overwrote_B_remember_B_C
swap_loop_remember_A_and_overwrite_B_1	C	→	1	swap_loop_overwrote_B_remember_B_C
swap_loop_remember_A_and_overwrite_B_2	C	→	2	swap_loop_overwrote_B_remember_B_C
swap_loop_remember_A_and_overwrite_B_3	C	→	3	swap_loop_overwrote_B_remember_B_C
swap_loop_remember_A_and_overwrite_B_4	C	→	4	swap_loop_overwrote_B_remember_B_C
swap_loop_remember_A_and_overwrite_B_5	C	→	5	swap_loop_overwrote_B_remember_B_C
swap_loop_remember_A_and_overwrite_B_6	C	→	6	swap_loop_overwrote_B_remember_B_C
swap_loop_remember_A_and_overwrite_B_7	C	→	7	swap_loop_overwrote_B_remember_B_C
swap_loop_remember_A_and_overwrite_B_8	C	→	8	swap_loop_overwrote_B_remember_B_C
swap_loop_remember_A_and_overwrite_B_9	C	→	9	swap_loop_overwrote_B_remember_B_C
swap_loop_remember_A_and_overwrite_B_A	C	→	A	swap_loop_overwrote_B_remember_B_C
swap_loop_remember_A_and_overwrite_B_B	C	→	B	swap_loop_overwrote_B_remember_B_C
swap_loop_remember_A_and_overwrite_B_C	C	→	C	swap_loop_overwrote_B_remember_B_C
swap_loop_remember_A_and_overwrite_B_D	C	→	D	swap_loop_overwrote_B_remember_B_C
swap_loop_remember_A_and_overwrite_B_E	C	→	E	swap_loop_overwrote_B_remember_B_C
swap_loop_remember_A_and_overwrite_B_F	C	→	F	swap_loop_overwrote_B_remember_B_C
swap_loop_overwrote_B_remember_B_C	0 1 2 3 4 5 6 7 8 9 A B C D E F [ ] , |	←		id61_move_backward_17
id61_move_backward_17	0 1 2 3 4 5 6 7 8 9 A B C D E F [ ] , |	←		id61_move_backward_16
id61_move_backward_16	0 1 2 3 4 5 6 7 8 9 A B C D E F [ ] , |	←		id61_move_backward_15
id61_move_backward_15	0 1 2 3 4 5 6 7 8 9 A B C D E F [ ] , |	←		id61_move_backward_14
id61_move_backward_14	0 1 2 3 4 5 6 7 8 9 A B C D E F [ ] , |	←		id61_move_backward_13
id61_move_backward_13	0 1 2 3 4 5 6 7 8 9 A B C D E F [ ] , |	←		id61_move_backward_12
id61_move_backward_12	0 1 2 3 4 5 6 7 8 9 A B C D E F [ ] , |	←		id61_move_backward_11
id61_move_backward_11	0 1 2 3 4 5 6 7 8 9 A B C D E F [ ] , |	←		id61_move_backward_10
id61_move_backward_10	0 1 2 3 4 5 6 7 8 9 A B C D E F [ ] , |	←		id61_move_backward_9
id61_move_backward_9	0 1 2 3 4 5 6 7 8 9 A B C D E F [ ] , |	←		id61_move_backward_8
id61_move_backward_8	0 1 2 3 4 5 6 7 8 9 A B C D E F [ ] , |	←		id61_move_backward_7
id61_move_backward_7	0 1 2 3 4 5 6 7 8 9 A B C D E F [ ] , |	←		id61_move_backward_6
id61_move_backward_6	0 1 2 3 4 5 6 7 8 9 A B C D E F [ ] , |	←		id61_move_backward_5
id61_move_backward_5	0 1 2 3 4 5 6 7 8 9 A B C D E F [ ] , |	←		id61_move_backward_4
id61_move_backward_4	0 1 2 3 4 5 6 7 8 9 A B C D E F [ ] , |	←		id61_move_backward_3
id61_move_backward_3	0 1 2 3 4 5 6 7 8 9 A B C D E F [ ] , |	←		id61_move_backward_2
id61_move_backward_2	0 1 2 3 4 5 6 7 8 9 A B C D E F [ ] , |	←		id61_move_backward_1
id61_move_backward_1	0 1 2 3 4 5 6 7 8 9 A B C D E F [ ] , |	←		swap_loop_overwrite_A_with_B_C
swap_loop_overwrite_A_with_B_C	0 1 2 3 4 5 6 7 8 9 A B C D E F	→	C	swap_loop_check_for_separator
swap_loop_remember_A_and_overwrite_B_0	D	→	0	swap_loop_overwrote_B_remember_B_D
swap_loop_remember_A_and_overwrite_B_1	D	→	1	swap_loop_overwrote_B_remember_B_D
swap_loop_remember_A_and_overwrite_B_2	D	→	2	swap_loop_overwrote_B_remember_B_D
swap_loop_remember_A_and_overwrite_B_3	D	→	3	swap_loop_overwrote_B_remember_B_D
swap_loop_remember_A_and_overwrite_B_4	D	→	4	swap_loop_overwrote_B_remember_B_D
swap_loop_remember_A_and_overwrite_B_5	D	→	5	swap_loop_overwrote_B_remember_B_D
swap_loop_remember_A_and_overwrite_B_6	D	→	6	swap_loop_overwrote_B_remember_B_D
swap_loop_remember_A_and_overwrite_B_7	D	→	7	swap_loop_overwrote_B_remember_B_D
swap_loop_remember_A_and_overwrite_B_8	D	→	8	swap_loop_overwrote_B_remember_B_D
swap_loop_remember_A_and_overwrite_B_9	D	→	9	swap_loop_overwrote_B_remember_B_D
swap_loop_remember_A_and_overwrite_B_A	D	→	A	swap_loop_overwrote_B_remember_B_D
swap_loop_remember_A_and_overwrite_B_B	D	→	B	swap_loop_overwrote_B_remember_B_D
swap_loop_remember_A_and_overwrite_B_C	D	→	C	swap_loop_overwrote_B_remember_B_D
swap_loop_remember_A_and_overwrite_B_D	D	→	D	swap_loop_overwrote_B_remember_B_D
swap_loop_remember_A_and_overwrite_B_E	D	→	E	swap_loop_overwrote_B_remember_B_D
swap_loop_remember_A_and_overwrite_B_F	D	→	F	swap_loop_overwrote_B_remember_B_D
swap_loop_overwrote_B_remember_B_D	0 1 2 3 4 5 6 7 8 9 A B C D E F [ ] , |	←		id62_move_backward_17
id62_move_backward_17	0 1 2 3 4 5 6 7 8 9 A B C D E F [ ] , |	←		id62_move_backward_16
id62_move_backward_16	0 1 2 3 4 5 6 7 8 9 A B C D E F [ ] , |	←		id62_move_backward_15
id62_move_backward_15	0 1 2 3 4 5 6 7 8 9 A B C D E F [ ] , |	←		id62_move_backward_14
id62_move_backward_14	0 1 2 3 4 5 6 7 8 9 A B C D E F [ ] , |	←		id62_move_backward_13
id62_move_backward_13	0 1 2 3 4 5 6 7 8 9 A B C D E F [ ] , |	←		id62_move_backward_12
id62_move_backward_12	0 1 2 3 4 5 6 7 8 9 A B C D E F [ ] , |	←		id62_move_backward_11
id62_move_backward_11	0 1 2 3 4 5 6 7 8 9 A B C D E F [ ] , |	←		id62_move_backward_10
id62_move_backward_10	0 1 2 3 4 5 6 7 8 9 A B C D E F [ ] , |	←		id62_move_backward_9
id62_move_backward_9	0 1 2 3 4 5 6 7 8 9 A B C D E F [ ] , |	←		id62_move_backward_8
id62_move_backward_8	0 1 2 3 4 5 6 7 8 9 A B C D E F [ ] , |	←		id62_move_backward_7
id62_move_backward_7	0 1 2 3 4 5 6 7 8 9 A B C D E F [ ] , |	←		id62_move_backward_6
id62_move_backward_6	0 1 2 3 4 5 6 7 8 9 A B C D E F [ ] , |	←		id62_move_backward_5
id62_move_backward_5	0 1 2 3 4 5 6 7 8 9 A B C D E F [ ] , |	←		id62_move_backward_4
id62_move_backward_4	0 1 2 3 4 5 6 7 8 9 A B C D E F [ ] , |	←		id62_move_backward_3
id62_move_backward_3	0 1 2 3 4 5 6 7 8 9 A B C D E F [ ] , |	←		id62_move_backward_2
id62_move_backward_2	0 1 2 3 4 5 6 7 8 9 A B C D E F [ ] , |	←		id62_move_backward_1
id62_move_backward_1	0 1 2 3 4 5 6 7 8 9 A B C D E F [ ] , |	←		swap_loop_overwrite_A_with_B_D
swap_loop_overwrite_A_with_B_D	0 1 2 3 4 5 6 7 8 9 A B C D E F	→	D	swap_loop_check_for_separator
swap_loop_remember_A_and_overwrite_B_0	E	→	0	swap_loop_overwrote_B_remember_B_E
swap_loop_remember_A_and_overwrite_B_1	E	→	1	swap_loop_overwrote_B_remember_B_E
swap_loop_remember_A_and_overwrite_B_2	E	→	2	swap_loop_overwrote_B_remember_B_E
swap_loop_remember_A_and_overwrite_B_3	E	→	3	swap_loop_overwrote_B_remember_B_E
swap_loop_remember_A_and_overwrite_B_4	E	→	4	swap_loop_overwrote_B_remember_B_E
swap_loop_remember_A_and_overwrite_B_5	E	→	5	swap_loop_overwrote_B_remember_B_E
swap_loop_remember_A_and_overwrite_B_6	E	→	6	swap_loop_overwrote_B_remember_B_E
swap_loop_remember_A_and_overwrite_B_7	E	→	7	swap_loop_overwrote_B_remember_B_E
swap_loop_remember_A_and_overwrite_B_8	E	→	8	swap_loop_overwrote_B_remember_B_E
swap_loop_remember_A_and_overwrite_B_9	E	→	9	swap_loop_overwrote_B_remember_B_E
swap_loop_remember_A_and_overwrite_B_A	E	→	A	swap_loop_overwrote_B_remember_B_E
swap_loop_remember_A_and_overwrite_B_B	E	→	B	swap_loop_overwrote_B_remember_B_E
swap_loop_remember_A_and_overwrite_B_C	E	→	C	swap_loop_overwrote_B_remember_B_E
swap_loop_remember_A_and_overwrite_B_D	E	→	D	swap_loop_overwrote_B_remember_B_E
swap_loop_remember_A_and_overwrite_B_E	E	→	E	swap_loop_overwrote_B_remember_B_E
swap_loop_remember_A_and_overwrite_B_F	E	→	F	swap_loop_overwrote_B_remember_B_E
swap_loop_overwrote_B_remember_B_E	0 1 2 3 4 5 6 7 8 9 A B C D E F [ ] , |	←		id63_move_backward_17
id63_move_backward_17	0 1 2 3 4 5 6 7 8 9 A B C D E F [ ] , |	←		id63_move_backward_16
id63_move_backward_16	0 1 2 3 4 5 6 7 8 9 A B C D E F [ ] , |	←		id63_move_backward_15
id63_move_backward_15	0 1 2 3 4 5 6 7 8 9 A B C D E F [ ] , |	←		id63_move_backward_14
id63_move_backward_14	0 1 2 3 4 5 6 7 8 9 A B C D E F [ ] , |	←		id63_move_backward_13
id63_move_backward_13	0 1 2 3 4 5 6 7 8 9 A B C D E F [ ] , |	←		id63_move_backward_12
id63_move_backward_12	0 1 2 3 4 5 6 7 8 9 A B C D E F [ ] , |	←		id63_move_backward_11
id63_move_backward_11	0 1 2 3 4 5 6 7 8 9 A B C D E F [ ] , |	←		id63_move_backward_10
id63_move_backward_10	0 1 2 3 4 5 6 7 8 9 A B C D E F [ ] , |	←		id63_move_backward_9
id63_move_backward_9	0 1 2 3 4 5 6 7 8 9 A B C D E F [ ] , |	←		id63_move_backward_8
id63_move_backward_8	0 1 2 3 4 5 6 7 8 9 A B C D E F [ ] , |	←		id63_move_backward_7
id63_move_backward_7	0 1 2 3 4 5 6 7 8 9 A B C D E F [ ] , |	←		id63_move_backward_6
id63_move_backward_6	0 1 2 3 4 5 6 7 8 9 A B C D E F [ ] , |	←		id63_move_backward_5
id63_move_backward_5	0 1 2 3 4 5 6 7 8 9 A B C D E F [ ] , |	←		id63_move_backward_4
id63_move_backward_4	0 1 2 3 4 5 6 7 8 9 A B C D E F [ ] , |	←		id63_move_backward_3
id63_move_backward_3	0 1 2 3 4 5 6 7 8 9 A B C D E F [ ] , |	←		id63_move_backward_2
id63_move_backward_2	0 1 2 3 4 5 6 7 8 9 A B C D E F [ ] , |	←		id63_move_backward_1
id63_move_backward_1	0 1 2 3 4 5 6 7 8 9 A B C D E F [ ] , |	←		swap_loop_overwrite_A_with_B_E
swap_loop_overwrite_A_with_B_E	0 1 2 3 4 5 6 7 8 9 A B C D E F	→	E	swap_loop_check_for_separator
swap_loop_remember_A_and_overwrite_B_0	F	→	0	swap_loop_overwrote_B_remember_B_F
swap_loop_remember_A_and_overwrite_B_1	F	→	1	swap_loop_overwrote_B_remember_B_F
swap_loop_remember_A_and_overwrite_B_2	F	→	2	swap_loop_overwrote_B_remember_B_F
swap_loop_remember_A_and_overwrite_B_3	F	→	3	swap_loop_overwrote_B_remember_B_F
swap_loop_remember_A_and_overwrite_B_4	F	→	4	swap_loop_overwrote_B_remember_B_F
swap_loop_remember_A_and_overwrite_B_5	F	→	5	swap_loop_overwrote_B_remember_B_F
swap_loop_remember_A_and_overwrite_B_6	F	→	6	swap_loop_overwrote_B_remember_B_F
swap_loop_remember_A_and_overwrite_B_7	F	→	7	swap_loop_overwrote_B_remember_B_F
swap_loop_remember_A_and_overwrite_B_8	F	→	8	swap_loop_overwrote_B_remember_B_F
swap_loop_remember_A_and_overwrite_B_9	F	→	9	swap_loop_overwrote_B_remember_B_F
swap_loop_remember_A_and_overwrite_B_A	F	→	A	swap_loop_overwrote_B_remember_B_F
swap_loop_remember_A_and_overwrite_B_B	F	→	B	swap_loop_overwrote_B_remember_B_F
swap_loop_remember_A_and_overwrite_B_C	F	→	C	swap_loop_overwrote_B_remember_B_F
swap_loop_remember_A_and_overwrite_B_D	F	→	D	swap_loop_overwrote_B_remember_B_F
swap_loop_remember_A_and_overwrite_B_E	F	→	E	swap_loop_overwrote_B_remember_B_F
swap_loop_remember_A_and_overwrite_B_F	F	→	F	swap_loop_overwrote_B_remember_B_F
swap_loop_overwrote_B_remember_B_F	0 1 2 3 4 5 6 7 8 9 A B C D E F [ ] , |	←		id64_move_backward_17
id64_move_backward_17	0 1 2 3 4 5 6 7 8 9 A B C D E F [ ] , |	←		id64_move_backward_16
id64_move_backward_16	0 1 2 3 4 5 6 7 8 9 A B C D E F [ ] , |	←		id64_move_backward_15
id64_move_backward_15	0 1 2 3 4 5 6 7 8 9 A B C D E F [ ] , |	←		id64_move_backward_14
id64_move_backward_14	0 1 2 3 4 5 6 7 8 9 A B C D E F [ ] , |	←		id64_move_backward_13
id64_move_backward_13	0 1 2 3 4 5 6 7 8 9 A B C D E F [ ] , |	←		id64_move_backward_12
id64_move_backward_12	0 1 2 3 4 5 6 7 8 9 A B C D E F [ ] , |	←		id64_move_backward_11
id64_move_backward_11	0 1 2 3 4 5 6 7 8 9 A B C D E F [ ] , |	←		id64_move_backward_10
id64_move_backward_10	0 1 2 3 4 5 6 7 8 9 A B C D E F [ ] , |	←		id64_move_backward_9
id64_move_backward_9	0 1 2 3 4 5 6 7 8 9 A B C D E F [ ] , |	←		id64_move_backward_8
id64_move_backward_8	0 1 2 3 4 5 6 7 8 9 A B C D E F [ ] , |	←		id64_move_backward_7
id64_move_backward_7	0 1 2 3 4 5 6 7 8 9 A B C D E F [ ] , |	←		id64_move_backward_6
id64_move_backward_6	0 1 2 3 4 5 6 7 8 9 A B C D E F [ ] , |	←		id64_move_backward_5
id64_move_backward_5	0 1 2 3 4 5 6 7 8 9 A B C D E F [ ] , |	←		id64_move_backward_4
id64_move_backward_4	0 1 2 3 4 5 6 7 8 9 A B C D E F [ ] , |	←		id64_move_backward_3
id64_move_backward_3	0 1 2 3 4 5 6 7 8 9 A B C D E F [ ] , |	←		id64_move_backward_2
id64_move_backward_2	0 1 2 3 4 5 6 7 8 9 A B C D E F [ ] , |	←		id64_move_backward_1
id64_move_backward_1	0 1 2 3 4 5 6 7 8 9 A B C D E F [ ] , |	←		swap_loop_overwrite_A_with_B_F
swap_loop_overwrite_A_with_B_F	0 1 2 3 4 5 6 7 8 9 A B C D E F	→	F	swap_loop_check_for_separator
swap_loop_check_for_separator	,	→		compare
swap_loop_check_for_separator	0 1 2 3 4 5 6 7 8 9 A B C D E F	→		swap_loop_setup_next_swap
swap_loop_setup_next_swap	0 1 2 3 4 5 6 7 8 9 A B C D E F [ ] , |	←		swap
advance_sorted_boundary	0 1 2 3 4 5 6 7 8 9 A B C D E F | ]	←		find_last_separator
find_last_separator	0 1 2 3 4 5 6 7 8 9 A B C D E F	←		find_last_separator
advance_sorted_boundary	[	→		sort_completed_reset_list_and_end
find_last_separator	,	←	|	restart_bubble
restart_bubble	0 1 2 3 4 5 6 7 8 9 A B C D E F ,	←		restart_bubble
restart_bubble	[	→		compare
find_last_separator	[	→		sort_completed_reset_list_and_end
sort_completed_reset_list_and_end	]	←		list_empty_halt
list_empty_halt	[	⏹		✔
sort_completed_reset_list_and_end	0 1 2 3 4 5 6 7 8 9 A B C D E F [ |	→		move_to_end
move_to_end	0 1 2 3 4 5 6 7 8 9 A B C D E F [ |	→		move_to_end
move_to_end	]	←		erase_boundaries
erase_boundaries	0 1 2 3 4 5 6 7 8 9 A B C D E F ]	←		erase_boundaries
erase_boundaries	|	←	,	erase_boundaries
erase_boundaries	[	⏹		✔
